,model_name,step,dte,train_rmse,test_rmse,hyper,hyperidx,train_smape,test_smape,train_mase,test_mase
lstm_1_2023-01-03 00:00:00,lstm_lstmhyper,1,2023-01-03 00:00:00,34.47053308794611,26.621836299713625,Model Name:lstm Hidden Dim:16 Num Layers:2 Dropout:0.2 Criterion:MSELoss() Prune:0.2,0,42.78866499510763,41.246200829221486,0.34741879,0.33886886
gru_1_2023-01-03 00:00:00,gru_gruhyper,1,2023-01-03 00:00:00,23.761574584985155,6.548944624112901,Model Name:lstm Hidden Dim:16 Num Layers:2 Dropout:0.2 Criterion:MSELoss() Prune:0.2,0,30.673052226027394,7.917772259628563,0.34897,0.07565491
rnn_1_2023-01-03 00:00:00,rnn_rnnhyper,1,2023-01-03 00:00:00,25.975011701829054,14.493905726982504,Model Name:lstm Hidden Dim:16 Num Layers:2 Dropout:0.2 Criterion:MSELoss() Prune:0.2,0,31.698518020221787,18.47521544339364,0.3252679,0.1646433
lstm_1_2023-01-03 00:00:00,lstm_lstmhyper,1,2023-01-03 00:00:00,24.01747766520118,11.698362473881227,Model Name:lstm Hidden Dim:16 Num Layers:2 Dropout:0.2 Criterion:MSELoss() Prune:0.2,1,30.396556996086105,15.388211434347587,0.32902062,0.14156073
gru_1_2023-01-03 00:00:00,gru_gruhyper,1,2023-01-03 00:00:00,24.72670073026133,12.520813360637321,Model Name:lstm Hidden Dim:16 Num Layers:2 Dropout:0.2 Criterion:MSELoss() Prune:0.2,1,30.575232897097194,16.893503289473685,0.3161799,0.15477617
rnn_1_2023-01-03 00:00:00,rnn_rnnhyper,1,2023-01-03 00:00:00,24.456142485548238,11.30215200001942,Model Name:lstm Hidden Dim:16 Num Layers:2 Dropout:0.2 Criterion:MSELoss() Prune:0.2,1,30.287347623124592,14.434888337787829,0.32007423,0.1328468
lstm_1_2023-01-03 00:00:00,lstm_lstmhyper,1,2023-01-03 00:00:00,52.317330086155486,48.62324265783289,Model Name:lstm Hidden Dim:16 Num Layers:2 Dropout:0.2 Criterion:MSELoss() Prune:0.2,2,92.2298801369863,93.35132264254385,0.6185968,0.6359609
gru_1_2023-01-03 00:00:00,gru_gruhyper,1,2023-01-03 00:00:00,24.035780619734403,10.53927532911493,Model Name:lstm Hidden Dim:16 Num Layers:2 Dropout:0.2 Criterion:MSELoss() Prune:0.2,2,30.313621167645138,13.68479517886513,0.32671607,0.12701547
rnn_1_2023-01-03 00:00:00,rnn_rnnhyper,1,2023-01-03 00:00:00,25.02242646451129,11.33273949656791,Model Name:lstm Hidden Dim:16 Num Layers:2 Dropout:0.2 Criterion:MSELoss() Prune:0.2,2,31.26855532452707,11.98388243558114,0.36165974,0.107765906
lstm_1_2023-01-03 00:00:00,lstm_lstmhyper,1,2023-01-03 00:00:00,23.539617380615624,5.137901813915723,Model Name:lstm Hidden Dim:16 Num Layers:2 Dropout:0.2 Criterion:MSELoss() Prune:0.2,3,30.537146322570123,5.846529776589912,0.36284792,0.056869484
gru_1_2023-01-03 00:00:00,gru_gruhyper,1,2023-01-03 00:00:00,25.16013411396713,13.935837445507794,Model Name:lstm Hidden Dim:16 Num Layers:2 Dropout:0.2 Criterion:MSELoss() Prune:0.2,3,30.71477495107632,19.194398043448462,0.31054848,0.1741637
rnn_1_2023-01-03 00:00:00,rnn_rnnhyper,1,2023-01-03 00:00:00,23.670001730747586,6.957207533473352,Model Name:lstm Hidden Dim:16 Num Layers:2 Dropout:0.2 Criterion:MSELoss() Prune:0.2,3,30.24770670254403,8.079148677357455,0.346324,0.077264465
lstm_1_2023-01-03 00:00:00,lstm_lstmhyper,1,2023-01-03 00:00:00,91.06903609865155,88.41716307687382,Model Name:lstm Hidden Dim:16 Num Layers:2 Dropout:0.2 Criterion:MSELoss() Prune:0.2,4,199.96106490541422,200.0,1.2748544,1.1598678
gru_1_2023-01-03 00:00:00,gru_gruhyper,1,2023-01-03 00:00:00,24.24945382358513,11.548696495582101,Model Name:lstm Hidden Dim:16 Num Layers:2 Dropout:0.2 Criterion:MSELoss() Prune:0.2,4,30.427582762557076,15.322356642338267,0.32421055,0.14129372
rnn_1_2023-01-03 00:00:00,rnn_rnnhyper,1,2023-01-03 00:00:00,26.69490095161258,18.57800097861253,Model Name:lstm Hidden Dim:16 Num Layers:2 Dropout:0.2 Criterion:MSELoss() Prune:0.2,4,33.04984354615134,23.813727127878288,0.34007466,0.20342375
lstm_1_2023-01-03 00:00:00,lstm_lstmhyper,1,2023-01-03 00:00:00,23.498928613792028,7.0082343579476545,Model Name:lstm Hidden Dim:16 Num Layers:2 Dropout:0.2 Criterion:MSELoss() Prune:0.2,5,30.316653416503588,8.629603335731908,0.3473312,0.082177885
gru_1_2023-01-03 00:00:00,gru_gruhyper,1,2023-01-03 00:00:00,24.838404741401092,11.840356667791212,Model Name:lstm Hidden Dim:16 Num Layers:2 Dropout:0.2 Criterion:MSELoss() Prune:0.2,5,30.596728738584474,15.807738187020284,0.31457117,0.14549743
rnn_1_2023-01-03 00:00:00,rnn_rnnhyper,1,2023-01-03 00:00:00,23.997225283125182,13.281008154967179,Model Name:lstm Hidden Dim:16 Num Layers:2 Dropout:0.2 Criterion:MSELoss() Prune:0.2,5,30.176945735485972,16.837900262129935,0.33244842,0.15197468
lstm_1_2023-01-03 00:00:00,lstm_lstmhyper,1,2023-01-03 00:00:00,29.88954172599245,18.58036052834501,Model Name:lstm Hidden Dim:16 Num Layers:2 Dropout:0.2 Criterion:MSELoss() Prune:0.4,6,34.9347378506197,26.969420315926534,0.306388,0.23660387
gru_1_2023-01-03 00:00:00,gru_gruhyper,1,2023-01-03 00:00:00,24.13925840589803,3.737906474078767,Model Name:lstm Hidden Dim:16 Num Layers:2 Dropout:0.2 Criterion:MSELoss() Prune:0.4,6,30.88514147097195,4.324506525407758,0.34351945,0.043188322
rnn_1_2023-01-03 00:00:00,rnn_rnnhyper,1,2023-01-03 00:00:00,27.423747932833574,14.56316272717448,Model Name:lstm Hidden Dim:16 Num Layers:2 Dropout:0.2 Criterion:MSELoss() Prune:0.4,6,33.394528701891716,16.906698661938048,0.39705834,0.15657733
lstm_1_2023-01-03 00:00:00,lstm_lstmhyper,1,2023-01-03 00:00:00,23.57588313563248,9.4731825723627,Model Name:lstm Hidden Dim:16 Num Layers:2 Dropout:0.2 Criterion:MSELoss() Prune:0.4,7,30.236296273646442,11.838295384457236,0.33931172,0.11051385
gru_1_2023-01-03 00:00:00,gru_gruhyper,1,2023-01-03 00:00:00,24.14768302970546,10.869665832717278,Model Name:lstm Hidden Dim:16 Num Layers:2 Dropout:0.2 Criterion:MSELoss() Prune:0.4,7,30.254362361382906,14.18455103824013,0.32150313,0.13135546
rnn_1_2023-01-03 00:00:00,rnn_rnnhyper,1,2023-01-03 00:00:00,23.745490680057944,6.708147066109007,Model Name:lstm Hidden Dim:16 Num Layers:2 Dropout:0.2 Criterion:MSELoss() Prune:0.4,7,30.587654924983692,7.197852419133771,0.35957515,0.068759866
lstm_1_2023-01-03 00:00:00,lstm_lstmhyper,1,2023-01-03 00:00:00,24.3942044238515,7.614138011373973,Model Name:lstm Hidden Dim:16 Num Layers:2 Dropout:0.2 Criterion:MSELoss() Prune:0.4,8,30.49521720075016,8.943652236670777,0.3244743,0.0845676
gru_1_2023-01-03 00:00:00,gru_gruhyper,1,2023-01-03 00:00:00,24.1180239063742,12.539097790059374,Model Name:lstm Hidden Dim:16 Num Layers:2 Dropout:0.2 Criterion:MSELoss() Prune:0.4,8,30.201570653946508,16.858775356359647,0.32019472,0.15439723
rnn_1_2023-01-03 00:00:00,rnn_rnnhyper,1,2023-01-03 00:00:00,25.57266354147469,16.688482934241936,Model Name:lstm Hidden Dim:16 Num Layers:2 Dropout:0.2 Criterion:MSELoss() Prune:0.4,8,31.74833098907371,21.202420418722586,0.33109352,0.18487467
lstm_1_2023-01-03 00:00:00,lstm_lstmhyper,1,2023-01-03 00:00:00,23.547545040649275,8.020494911353468,Model Name:lstm Hidden Dim:16 Num Layers:2 Dropout:0.2 Criterion:MSELoss() Prune:0.4,9,30.39752018101761,9.554371616296601,0.34681466,0.09009851
gru_1_2023-01-03 00:00:00,gru_gruhyper,1,2023-01-03 00:00:00,24.277440227583842,11.734871723008682,Model Name:lstm Hidden Dim:16 Num Layers:2 Dropout:0.2 Criterion:MSELoss() Prune:0.4,9,30.34194848744292,15.610530384799889,0.32045436,0.14376707
rnn_1_2023-01-03 00:00:00,rnn_rnnhyper,1,2023-01-03 00:00:00,24.198591661063794,11.535854671118393,Model Name:lstm Hidden Dim:16 Num Layers:2 Dropout:0.2 Criterion:MSELoss() Prune:0.4,9,30.191403701891716,15.154636316132127,0.32456312,0.13950649
lstm_1_2023-01-03 00:00:00,lstm_lstmhyper,1,2023-01-03 00:00:00,87.48166939690137,87.26315881698731,Model Name:lstm Hidden Dim:16 Num Layers:2 Dropout:0.2 Criterion:MSELoss() Prune:0.4,10,199.96644651011087,200.0,1.2158504,1.1458597
gru_1_2023-01-03 00:00:00,gru_gruhyper,1,2023-01-03 00:00:00,24.070332785613004,3.966440444928125,Model Name:lstm Hidden Dim:16 Num Layers:2 Dropout:0.2 Criterion:MSELoss() Prune:0.4,10,31.421946347031962,4.628498813562226,0.38190362,0.045886718
rnn_1_2023-01-03 00:00:00,rnn_rnnhyper,1,2023-01-03 00:00:00,23.767762940078757,10.868066440911305,Model Name:lstm Hidden Dim:16 Num Layers:2 Dropout:0.2 Criterion:MSELoss() Prune:0.4,10,30.340218321917806,13.353861490885416,0.34626344,0.1231007
lstm_1_2023-01-03 00:00:00,lstm_lstmhyper,1,2023-01-03 00:00:00,23.52874166993026,8.225778337656195,Model Name:lstm Hidden Dim:16 Num Layers:2 Dropout:0.2 Criterion:MSELoss() Prune:0.4,11,30.367365867579906,9.929039670709978,0.34677175,0.09343637
gru_1_2023-01-03 00:00:00,gru_gruhyper,1,2023-01-03 00:00:00,24.289188142968698,10.391392270778507,Model Name:lstm Hidden Dim:16 Num Layers:2 Dropout:0.2 Criterion:MSELoss() Prune:0.4,11,30.33173821754729,13.428054541872259,0.3201762,0.1247386
rnn_1_2023-01-03 00:00:00,rnn_rnnhyper,1,2023-01-03 00:00:00,23.57694584733742,9.530859366995061,Model Name:lstm Hidden Dim:16 Num Layers:2 Dropout:0.2 Criterion:MSELoss() Prune:0.4,11,30.209566617742986,11.631180612664473,0.33973128,0.108303264
lstm_1_2023-01-03 00:00:00,lstm_lstmhyper,1,2023-01-03 00:00:00,24.23773701292702,12.478920825368688,Model Name:lstm Hidden Dim:16 Num Layers:2 Dropout:0.4 Criterion:MSELoss() Prune:0.2,12,30.453818085453356,16.00661642509594,0.32761866,0.14586362
gru_1_2023-01-03 00:00:00,gru_gruhyper,1,2023-01-03 00:00:00,24.372423241205162,12.564069203921854,Model Name:lstm Hidden Dim:16 Num Layers:2 Dropout:0.4 Criterion:MSELoss() Prune:0.2,12,30.333748674983692,16.927685118558113,0.31860545,0.15502173
rnn_1_2023-01-03 00:00:00,rnn_rnnhyper,1,2023-01-03 00:00:00,27.184822739947077,15.205453817813662,Model Name:lstm Hidden Dim:16 Num Layers:2 Dropout:0.4 Criterion:MSELoss() Prune:0.2,12,33.47713327625571,18.188821357593202,0.3529843,0.16088311
lstm_1_2023-01-03 00:00:00,lstm_lstmhyper,1,2023-01-03 00:00:00,23.925541133999197,10.92482315025089,Model Name:lstm Hidden Dim:16 Num Layers:2 Dropout:0.4 Criterion:MSELoss() Prune:0.2,13,30.23778946510111,14.171842876233551,0.32711855,0.13108815
gru_1_2023-01-03 00:00:00,gru_gruhyper,1,2023-01-03 00:00:00,24.48317592389338,11.6414029469494,Model Name:lstm Hidden Dim:16 Num Layers:2 Dropout:0.4 Criterion:MSELoss() Prune:0.2,13,30.448385518590996,15.473021390145284,0.31833753,0.14259657
rnn_1_2023-01-03 00:00:00,rnn_rnnhyper,1,2023-01-03 00:00:00,23.74161421650745,8.501973540134575,Model Name:lstm Hidden Dim:16 Num Layers:2 Dropout:0.4 Criterion:MSELoss() Prune:0.2,13,30.352800880626223,9.794889751233551,0.35014638,0.09243324
lstm_1_2023-01-03 00:00:00,lstm_lstmhyper,1,2023-01-03 00:00:00,35.50260808256293,27.633604340859836,Model Name:lstm Hidden Dim:16 Num Layers:2 Dropout:0.4 Criterion:MSELoss() Prune:0.2,14,44.608722684279186,43.536878083881575,0.3558254,0.3556134
gru_1_2023-01-03 00:00:00,gru_gruhyper,1,2023-01-03 00:00:00,24.47976783393023,3.6042739029000646,Model Name:lstm Hidden Dim:16 Num Layers:2 Dropout:0.4 Criterion:MSELoss() Prune:0.2,14,31.9879703807893,3.9783022696511785,0.38316536,0.04014962
rnn_1_2023-01-03 00:00:00,rnn_rnnhyper,1,2023-01-03 00:00:00,24.66871689532552,10.05856909887756,Model Name:lstm Hidden Dim:16 Num Layers:2 Dropout:0.4 Criterion:MSELoss() Prune:0.2,14,31.067073854370513,11.38660524602522,0.35213956,0.10665092
lstm_1_2023-01-03 00:00:00,lstm_lstmhyper,1,2023-01-03 00:00:00,24.188913072418117,11.033651376925027,Model Name:lstm Hidden Dim:16 Num Layers:2 Dropout:0.4 Criterion:MSELoss() Prune:0.2,15,30.404338918786692,14.14163904022752,0.32506147,0.13057111
gru_1_2023-01-03 00:00:00,gru_gruhyper,1,2023-01-03 00:00:00,23.746692306673207,10.762998661978635,Model Name:lstm Hidden Dim:16 Num Layers:2 Dropout:0.4 Criterion:MSELoss() Prune:0.2,15,29.98992987606001,13.94139554207785,0.3250494,0.12914525
rnn_1_2023-01-03 00:00:00,rnn_rnnhyper,1,2023-01-03 00:00:00,24.383094108835174,12.781558007444016,Model Name:lstm Hidden Dim:16 Num Layers:2 Dropout:0.4 Criterion:MSELoss() Prune:0.2,15,30.45661081213307,16.37800785533169,0.32594192,0.14874162
lstm_1_2023-01-03 00:00:00,lstm_lstmhyper,1,2023-01-03 00:00:00,27.654858501364075,14.96668816942286,Model Name:lstm Hidden Dim:16 Num Layers:2 Dropout:0.4 Criterion:MSELoss() Prune:0.2,16,32.695409328114806,20.218105383086623,0.3055482,0.18117267
gru_1_2023-01-03 00:00:00,gru_gruhyper,1,2023-01-03 00:00:00,23.442873082023112,6.8938589659835,Model Name:lstm Hidden Dim:16 Num Layers:2 Dropout:0.4 Criterion:MSELoss() Prune:0.2,16,30.410502792726678,8.389502809758772,0.35329983,0.07995535
rnn_1_2023-01-03 00:00:00,rnn_rnnhyper,1,2023-01-03 00:00:00,25.285078704210612,14.072082238785995,Model Name:lstm Hidden Dim:16 Num Layers:2 Dropout:0.4 Criterion:MSELoss() Prune:0.2,16,31.15143662345075,17.872566089295503,0.32578304,0.16015434
lstm_1_2023-01-03 00:00:00,lstm_lstmhyper,1,2023-01-03 00:00:00,23.798289466744638,7.252212975919536,Model Name:lstm Hidden Dim:16 Num Layers:2 Dropout:0.4 Criterion:MSELoss() Prune:0.2,17,30.58667135518591,8.279884204529878,0.35606486,0.07840704
gru_1_2023-01-03 00:00:00,gru_gruhyper,1,2023-01-03 00:00:00,23.864644146401492,9.946724694758588,Model Name:lstm Hidden Dim:16 Num Layers:2 Dropout:0.4 Criterion:MSELoss() Prune:0.2,17,30.26474845075016,12.758943256578947,0.3279803,0.11888161
rnn_1_2023-01-03 00:00:00,rnn_rnnhyper,1,2023-01-03 00:00:00,23.30015486637106,8.509374049617787,Model Name:lstm Hidden Dim:16 Num Layers:2 Dropout:0.4 Criterion:MSELoss() Prune:0.2,17,29.33139677103718,9.945360685649671,0.33323455,0.09350688
lstm_1_2023-01-03 00:00:00,lstm_lstmhyper,1,2023-01-03 00:00:00,23.683833097607163,7.975289806493467,Model Name:lstm Hidden Dim:16 Num Layers:2 Dropout:0.4 Criterion:MSELoss() Prune:0.4,18,30.21793715345727,9.581272058319627,0.33524644,0.09042284
gru_1_2023-01-03 00:00:00,gru_gruhyper,1,2023-01-03 00:00:00,23.719946548375958,6.602344570446494,Model Name:lstm Hidden Dim:16 Num Layers:2 Dropout:0.4 Criterion:MSELoss() Prune:0.4,18,30.723104717058053,7.980398077713815,0.35311317,0.076207705
rnn_1_2023-01-03 00:00:00,rnn_rnnhyper,1,2023-01-03 00:00:00,25.530708522027325,14.385012647446214,Model Name:lstm Hidden Dim:16 Num Layers:2 Dropout:0.4 Criterion:MSELoss() Prune:0.4,18,31.340564864644485,17.4491255910773,0.32767954,0.15493965
lstm_1_2023-01-03 00:00:00,lstm_lstmhyper,1,2023-01-03 00:00:00,23.403871708277244,7.350319638730271,Model Name:lstm Hidden Dim:16 Num Layers:2 Dropout:0.4 Criterion:MSELoss() Prune:0.4,19,30.264763739399868,8.844071237664473,0.34777865,0.08405492
gru_1_2023-01-03 00:00:00,gru_gruhyper,1,2023-01-03 00:00:00,23.922900655674052,9.320790536776842,Model Name:lstm Hidden Dim:16 Num Layers:2 Dropout:0.4 Criterion:MSELoss() Prune:0.4,19,30.249778314579256,11.757002981085526,0.32726148,0.10997839
rnn_1_2023-01-03 00:00:00,rnn_rnnhyper,1,2023-01-03 00:00:00,24.180550772150152,7.585029272678043,Model Name:lstm Hidden Dim:16 Num Layers:2 Dropout:0.4 Criterion:MSELoss() Prune:0.4,19,30.80178775277234,8.491001062225877,0.36431006,0.082035534
lstm_1_2023-01-03 00:00:00,lstm_lstmhyper,1,2023-01-03 00:00:00,73.31490431905712,71.0046213284741,Model Name:lstm Hidden Dim:16 Num Layers:2 Dropout:0.4 Criterion:MSELoss() Prune:0.4,20,186.39933953033267,173.64228686951753,0.97644705,0.9291661
gru_1_2023-01-03 00:00:00,gru_gruhyper,1,2023-01-03 00:00:00,27.595008553546645,10.29082231236873,Model Name:lstm Hidden Dim:16 Num Layers:2 Dropout:0.4 Criterion:MSELoss() Prune:0.4,20,33.003200424005215,11.915849652206688,0.45960045,0.12834455
rnn_1_2023-01-03 00:00:00,rnn_rnnhyper,1,2023-01-03 00:00:00,26.443146375467027,14.82977395089252,Model Name:lstm Hidden Dim:16 Num Layers:2 Dropout:0.4 Criterion:MSELoss() Prune:0.4,20,32.40891022504892,19.15745999520285,0.32688856,0.17072472
lstm_1_2023-01-03 00:00:00,lstm_lstmhyper,1,2023-01-03 00:00:00,23.88847378313441,9.534450506450854,Model Name:lstm Hidden Dim:16 Num Layers:2 Dropout:0.4 Criterion:MSELoss() Prune:0.4,21,30.285581784083494,11.8974609375,0.33021957,0.11100144
gru_1_2023-01-03 00:00:00,gru_gruhyper,1,2023-01-03 00:00:00,24.705472097543492,11.574069776294051,Model Name:lstm Hidden Dim:16 Num Layers:2 Dropout:0.4 Criterion:MSELoss() Prune:0.4,21,30.514768835616437,15.373969897889253,0.31533018,0.14175224
rnn_1_2023-01-03 00:00:00,rnn_rnnhyper,1,2023-01-03 00:00:00,24.23856548231815,9.464241188129655,Model Name:lstm Hidden Dim:16 Num Layers:2 Dropout:0.4 Criterion:MSELoss() Prune:0.4,21,30.096598785061968,11.928444310238486,0.32154825,0.11160762
lstm_1_2023-01-03 00:00:00,lstm_lstmhyper,1,2023-01-03 00:00:00,30.483790358309694,16.418970143294807,Model Name:lstm Hidden Dim:16 Num Layers:2 Dropout:0.4 Criterion:MSELoss() Prune:0.4,22,34.8734966161122,17.302192554139253,0.49978462,0.19453025
gru_1_2023-01-03 00:00:00,gru_gruhyper,1,2023-01-03 00:00:00,26.350493557847972,8.05987364109088,Model Name:lstm Hidden Dim:16 Num Layers:2 Dropout:0.4 Criterion:MSELoss() Prune:0.4,22,32.728027662263536,9.04217957613761,0.43995303,0.096234076
rnn_1_2023-01-03 00:00:00,rnn_rnnhyper,1,2023-01-03 00:00:00,26.10863277857357,16.424264663191547,Model Name:lstm Hidden Dim:16 Num Layers:2 Dropout:0.4 Criterion:MSELoss() Prune:0.4,22,32.06828165769733,20.431850500274123,0.3428468,0.18012336
lstm_1_2023-01-03 00:00:00,lstm_lstmhyper,1,2023-01-03 00:00:00,23.524196423742353,6.38744232091971,Model Name:lstm Hidden Dim:16 Num Layers:2 Dropout:0.4 Criterion:MSELoss() Prune:0.4,23,30.589800432159162,7.55710160104852,0.3628843,0.072277
gru_1_2023-01-03 00:00:00,gru_gruhyper,1,2023-01-03 00:00:00,24.67647350669383,11.133778398339885,Model Name:lstm Hidden Dim:16 Num Layers:2 Dropout:0.4 Criterion:MSELoss() Prune:0.4,23,30.523355960534897,14.65113161321272,0.31670338,0.13547014
rnn_1_2023-01-03 00:00:00,rnn_rnnhyper,1,2023-01-03 00:00:00,23.87743233478725,7.576067898954596,Model Name:lstm Hidden Dim:16 Num Layers:2 Dropout:0.4 Criterion:MSELoss() Prune:0.4,23,30.685043623613826,8.844641434518914,0.36073878,0.08450523
lstm_1_2023-01-03 00:00:00,lstm_lstmhyper,1,2023-01-03 00:00:00,123.75166113152784,126.08478515219431,Model Name:lstm Hidden Dim:16 Num Layers:2 Dropout:0.2 Criterion:MSELoss() Prune:0.2,0,199.94426777560338,200.0,1.8139876,1.6575636
gru_1_2023-01-03 00:00:00,gru_gruhyper,1,2023-01-03 00:00:00,24.865346597740825,4.459293630455074,Model Name:lstm Hidden Dim:16 Num Layers:2 Dropout:0.2 Criterion:MSELoss() Prune:0.2,0,32.092781718851924,4.26737494217722,0.40694007,0.044489607
rnn_1_2023-01-03 00:00:00,rnn_rnnhyper,1,2023-01-03 00:00:00,24.730906510203102,13.894890901481109,Model Name:lstm Hidden Dim:16 Num Layers:2 Dropout:0.2 Criterion:MSELoss() Prune:0.2,0,31.2953869047619,16.948053728070175,0.34825096,0.15147832
lstm_1_2023-01-03 00:00:00,lstm_lstmhyper,1,2023-01-03 00:00:00,25.57112643831356,15.61640437396807,Model Name:lstm Hidden Dim:16 Num Layers:2 Dropout:0.2 Criterion:MSELoss() Prune:0.2,1,30.967384213959555,21.875143486156798,0.3080786,0.19606654
gru_1_2023-01-03 00:00:00,gru_gruhyper,1,2023-01-03 00:00:00,24.50976741485869,10.18499612754782,Model Name:lstm Hidden Dim:16 Num Layers:2 Dropout:0.2 Criterion:MSELoss() Prune:0.2,1,30.575775644161773,13.16736482319079,0.32161483,0.1225171
rnn_1_2023-01-03 00:00:00,rnn_rnnhyper,1,2023-01-03 00:00:00,23.575088335763716,8.853809687580071,Model Name:lstm Hidden Dim:16 Num Layers:2 Dropout:0.2 Criterion:MSELoss() Prune:0.2,1,29.95260008969341,10.612722296463815,0.33538428,0.09943637
lstm_1_2023-01-03 00:00:00,lstm_lstmhyper,1,2023-01-03 00:00:00,28.192265482004323,18.650038715557585,Model Name:lstm Hidden Dim:16 Num Layers:2 Dropout:0.2 Criterion:MSELoss() Prune:0.2,2,33.00887251304631,26.840377004523024,0.30167034,0.23510261
gru_1_2023-01-03 00:00:00,gru_gruhyper,1,2023-01-03 00:00:00,24.23665164999334,12.09775652303455,Model Name:lstm Hidden Dim:16 Num Layers:2 Dropout:0.2 Criterion:MSELoss() Prune:0.2,2,30.33381747390737,16.187909042626096,0.32097006,0.14872022
rnn_1_2023-01-03 00:00:00,rnn_rnnhyper,1,2023-01-03 00:00:00,28.011288138598584,11.881997706902487,Model Name:lstm Hidden Dim:16 Num Layers:2 Dropout:0.2 Criterion:MSELoss() Prune:0.2,2,33.22687846542726,12.75266841419956,0.44438428,0.1317579
lstm_1_2023-01-03 00:00:00,lstm_lstmhyper,1,2023-01-03 00:00:00,25.083780514943815,14.466124327260491,Model Name:lstm Hidden Dim:16 Num Layers:2 Dropout:0.2 Criterion:MSELoss() Prune:0.2,3,30.685453869047617,19.998335988898024,0.31141904,0.18065807
gru_1_2023-01-03 00:00:00,gru_gruhyper,1,2023-01-03 00:00:00,23.552147976700688,6.636400885376484,Model Name:lstm Hidden Dim:16 Num Layers:2 Dropout:0.2 Criterion:MSELoss() Prune:0.2,3,30.465926696020873,8.04656339946546,0.3488787,0.076846175
rnn_1_2023-01-03 00:00:00,rnn_rnnhyper,1,2023-01-03 00:00:00,24.164787412340168,10.950435291852772,Model Name:lstm Hidden Dim:16 Num Layers:2 Dropout:0.2 Criterion:MSELoss() Prune:0.2,3,30.60571082028702,13.504448070860745,0.3389134,0.12420844
lstm_1_2023-01-03 00:00:00,lstm_lstmhyper,1,2023-01-03 00:00:00,31.030688446895297,21.84127492348382,Model Name:lstm Hidden Dim:16 Num Layers:2 Dropout:0.2 Criterion:MSELoss() Prune:0.2,4,36.62758887801696,32.39676492256031,0.31382278,0.27692884
gru_1_2023-01-03 00:00:00,gru_gruhyper,1,2023-01-03 00:00:00,24.66998364940112,4.163920273060626,Model Name:lstm Hidden Dim:16 Num Layers:2 Dropout:0.2 Criterion:MSELoss() Prune:0.2,4,31.772148157208086,4.072294804087856,0.40468442,0.04217646
rnn_1_2023-01-03 00:00:00,rnn_rnnhyper,1,2023-01-03 00:00:00,24.23643507523848,7.838385582739673,Model Name:lstm Hidden Dim:16 Num Layers:2 Dropout:0.2 Criterion:MSELoss() Prune:0.2,4,30.627056323385517,8.794102718955592,0.3491474,0.08276035
lstm_1_2023-01-03 00:00:00,lstm_lstmhyper,1,2023-01-03 00:00:00,24.16690140533445,12.618340577147949,Model Name:lstm Hidden Dim:16 Num Layers:2 Dropout:0.2 Criterion:MSELoss() Prune:0.2,5,30.300651296477493,16.805272152549342,0.3227738,0.15360856
gru_1_2023-01-03 00:00:00,gru_gruhyper,1,2023-01-03 00:00:00,23.372408310117375,8.728976032903734,Model Name:lstm Hidden Dim:16 Num Layers:2 Dropout:0.2 Criterion:MSELoss() Prune:0.2,5,30.012330295988257,10.869863409745065,0.33730575,0.10209754
rnn_1_2023-01-03 00:00:00,rnn_rnnhyper,1,2023-01-03 00:00:00,23.760309491437738,9.393266303222843,Model Name:lstm Hidden Dim:16 Num Layers:2 Dropout:0.2 Criterion:MSELoss() Prune:0.2,5,30.12758378180039,11.582553796600877,0.334562,0.10817351
lstm_1_2023-01-03 00:00:00,lstm_lstmhyper,1,2023-01-03 00:00:00,24.410831036140493,7.834262414038828,Model Name:lstm Hidden Dim:16 Num Layers:2 Dropout:0.2 Criterion:MSELoss() Prune:0.4,6,31.299902152641877,8.593631142064144,0.39066848,0.09066233
gru_1_2023-01-03 00:00:00,gru_gruhyper,1,2023-01-03 00:00:00,24.797751244757556,12.799750111048006,Model Name:lstm Hidden Dim:16 Num Layers:2 Dropout:0.2 Criterion:MSELoss() Prune:0.4,6,30.64455418297456,17.361818547834428,0.3166658,0.15877655
rnn_1_2023-01-03 00:00:00,rnn_rnnhyper,1,2023-01-03 00:00:00,26.175333260324738,15.231473581882547,Model Name:lstm Hidden Dim:16 Num Layers:2 Dropout:0.2 Criterion:MSELoss() Prune:0.4,6,32.592379117742986,17.504292805989582,0.34788275,0.15204267
lstm_1_2023-01-03 00:00:00,lstm_lstmhyper,1,2023-01-03 00:00:00,24.370383426998153,12.642886342653018,Model Name:lstm Hidden Dim:16 Num Layers:2 Dropout:0.2 Criterion:MSELoss() Prune:0.4,7,30.40154874021526,16.84019068667763,0.32180995,0.15385775
gru_1_2023-01-03 00:00:00,gru_gruhyper,1,2023-01-03 00:00:00,23.45056146466034,9.462273223860548,Model Name:lstm Hidden Dim:16 Num Layers:2 Dropout:0.2 Criterion:MSELoss() Prune:0.4,7,30.11101088551859,11.945174367804276,0.33817625,0.111619115
rnn_1_2023-01-03 00:00:00,rnn_rnnhyper,1,2023-01-03 00:00:00,23.88797555207562,9.90380636695807,Model Name:lstm Hidden Dim:16 Num Layers:2 Dropout:0.2 Criterion:MSELoss() Prune:0.4,7,30.35889595564253,11.467022812157346,0.34664947,0.10637553
lstm_1_2023-01-03 00:00:00,lstm_lstmhyper,1,2023-01-03 00:00:00,40.37329475888115,35.2315616947805,Model Name:lstm Hidden Dim:16 Num Layers:2 Dropout:0.2 Criterion:MSELoss() Prune:0.4,8,55.95193248532289,59.60585423519736,0.42256096,0.45858788
gru_1_2023-01-03 00:00:00,gru_gruhyper,1,2023-01-03 00:00:00,32.17562925824548,19.347266252000082,Model Name:lstm Hidden Dim:16 Num Layers:2 Dropout:0.2 Criterion:MSELoss() Prune:0.4,8,36.32665219341161,22.301532946134866,0.5350584,0.25275296
rnn_1_2023-01-03 00:00:00,rnn_rnnhyper,1,2023-01-03 00:00:00,27.9811610469465,11.300327222019149,Model Name:lstm Hidden Dim:16 Num Layers:2 Dropout:0.2 Criterion:MSELoss() Prune:0.4,8,33.000224233529025,11.494956568667762,0.45074415,0.12225033
lstm_1_2023-01-03 00:00:00,lstm_lstmhyper,1,2023-01-03 00:00:00,23.423847586214087,6.7621283184017775,Model Name:lstm Hidden Dim:16 Num Layers:2 Dropout:0.2 Criterion:MSELoss() Prune:0.4,9,30.348861505218522,8.221042030736019,0.35167542,0.07850661
gru_1_2023-01-03 00:00:00,gru_gruhyper,1,2023-01-03 00:00:00,24.719151239237185,10.938229607361485,Model Name:lstm Hidden Dim:16 Num Layers:2 Dropout:0.2 Criterion:MSELoss() Prune:0.4,9,30.55222857550554,14.35345244825932,0.3165491,0.13289599
rnn_1_2023-01-03 00:00:00,rnn_rnnhyper,1,2023-01-03 00:00:00,23.858140674931978,10.423161508745912,Model Name:lstm Hidden Dim:16 Num Layers:2 Dropout:0.2 Criterion:MSELoss() Prune:0.4,9,30.018257195857792,13.5138945997807,0.3276999,0.12531435
lstm_1_2023-01-03 00:00:00,lstm_lstmhyper,1,2023-01-03 00:00:00,27.2525779134688,16.876943970783596,Model Name:lstm Hidden Dim:16 Num Layers:2 Dropout:0.2 Criterion:MSELoss() Prune:0.4,10,32.156744333007175,23.876293516995613,0.30230132,0.21197498
gru_1_2023-01-03 00:00:00,gru_gruhyper,1,2023-01-03 00:00:00,24.396361082793295,11.231959819493602,Model Name:lstm Hidden Dim:16 Num Layers:2 Dropout:0.2 Criterion:MSELoss() Prune:0.4,10,30.574093892694062,14.862735145970394,0.3245067,0.13736737
rnn_1_2023-01-03 00:00:00,rnn_rnnhyper,1,2023-01-03 00:00:00,27.20534166729716,7.670490085506628,Model Name:lstm Hidden Dim:16 Num Layers:2 Dropout:0.2 Criterion:MSELoss() Prune:0.4,10,32.815929753750815,7.74156429893092,0.44368786,0.080344744
lstm_1_2023-01-03 00:00:00,lstm_lstmhyper,1,2023-01-03 00:00:00,23.78697522657489,9.30295478067948,Model Name:lstm Hidden Dim:16 Num Layers:2 Dropout:0.2 Criterion:MSELoss() Prune:0.4,11,30.4023106245923,11.473490397135416,0.33634728,0.10713455
gru_1_2023-01-03 00:00:00,gru_gruhyper,1,2023-01-03 00:00:00,24.114905899120515,10.981775619268184,Model Name:lstm Hidden Dim:16 Num Layers:2 Dropout:0.2 Criterion:MSELoss() Prune:0.4,11,30.288211431833005,14.40314149020011,0.32241806,0.13330674
rnn_1_2023-01-03 00:00:00,rnn_rnnhyper,1,2023-01-03 00:00:00,23.730199651252015,8.159763558646036,Model Name:lstm Hidden Dim:16 Num Layers:2 Dropout:0.2 Criterion:MSELoss() Prune:0.4,11,30.336335004892366,9.562946520353618,0.34407118,0.08996441
lstm_1_2023-01-03 00:00:00,lstm_lstmhyper,1,2023-01-03 00:00:00,25.354546482707,6.092972769444276,Model Name:lstm Hidden Dim:16 Num Layers:2 Dropout:0.4 Criterion:MSELoss() Prune:0.2,12,32.0303505177756,6.155632152891995,0.40914363,0.06240289
gru_1_2023-01-03 00:00:00,gru_gruhyper,1,2023-01-03 00:00:00,24.164556301533864,9.90682298224625,Model Name:lstm Hidden Dim:16 Num Layers:2 Dropout:0.4 Criterion:MSELoss() Prune:0.2,12,30.669051696020873,12.770479971902411,0.33447313,0.11905611
rnn_1_2023-01-03 00:00:00,rnn_rnnhyper,1,2023-01-03 00:00:00,26.903675199827486,13.938355013362072,Model Name:lstm Hidden Dim:16 Num Layers:2 Dropout:0.4 Criterion:MSELoss() Prune:0.2,12,33.08223509866275,16.136142663788377,0.36621398,0.14622182
lstm_1_2023-01-03 00:00:00,lstm_lstmhyper,1,2023-01-03 00:00:00,23.808722889826143,5.613088924375706,Model Name:lstm Hidden Dim:16 Num Layers:2 Dropout:0.4 Criterion:MSELoss() Prune:0.2,13,30.70753322733203,5.920938056811951,0.36726403,0.057111964
gru_1_2023-01-03 00:00:00,gru_gruhyper,1,2023-01-03 00:00:00,24.400164794365374,8.704494621948776,Model Name:lstm Hidden Dim:16 Num Layers:2 Dropout:0.4 Criterion:MSELoss() Prune:0.2,13,30.59510814171559,10.874602736088267,0.32559803,0.10216228
rnn_1_2023-01-03 00:00:00,rnn_rnnhyper,1,2023-01-03 00:00:00,24.120827743978595,10.272136324444334,Model Name:lstm Hidden Dim:16 Num Layers:2 Dropout:0.4 Criterion:MSELoss() Prune:0.2,13,30.10624847113503,12.94005062705592,0.32169202,0.12006227
lstm_1_2023-01-03 00:00:00,lstm_lstmhyper,1,2023-01-03 00:00:00,28.39801946906905,19.570544846425136,Model Name:lstm Hidden Dim:16 Num Layers:2 Dropout:0.4 Criterion:MSELoss() Prune:0.2,14,33.37337940313111,28.20258532072368,0.304989,0.2448782
gru_1_2023-01-03 00:00:00,gru_gruhyper,1,2023-01-03 00:00:00,23.690381843578024,8.668152706193554,Model Name:lstm Hidden Dim:16 Num Layers:2 Dropout:0.4 Criterion:MSELoss() Prune:0.2,14,30.425095808871493,10.81926847759046,0.34091005,0.10167067
rnn_1_2023-01-03 00:00:00,rnn_rnnhyper,1,2023-01-03 00:00:00,28.38547997890493,21.762402035023257,Model Name:lstm Hidden Dim:16 Num Layers:2 Dropout:0.4 Criterion:MSELoss() Prune:0.2,14,35.20645282941944,28.078763192160086,0.3592207,0.23237497
lstm_1_2023-01-03 00:00:00,lstm_lstmhyper,1,2023-01-03 00:00:00,24.105688716890562,11.969240820957616,Model Name:lstm Hidden Dim:16 Num Layers:2 Dropout:0.4 Criterion:MSELoss() Prune:0.2,15,30.30893519651011,15.760026898300438,0.3240969,0.14467402
gru_1_2023-01-03 00:00:00,gru_gruhyper,1,2023-01-03 00:00:00,23.43821613489255,7.6365963665065735,Model Name:lstm Hidden Dim:16 Num Layers:2 Dropout:0.4 Criterion:MSELoss() Prune:0.2,15,30.29298658675799,9.357191654673793,0.34645888,0.088614844
rnn_1_2023-01-03 00:00:00,rnn_rnnhyper,1,2023-01-03 00:00:00,23.641245912615968,6.50411358293779,Model Name:lstm Hidden Dim:16 Num Layers:2 Dropout:0.4 Criterion:MSELoss() Prune:0.2,15,30.30983722684279,7.5646924470600325,0.34745082,0.07256119
lstm_1_2023-01-03 00:00:00,lstm_lstmhyper,1,2023-01-03 00:00:00,23.822895174026524,4.685495583816807,Model Name:lstm Hidden Dim:16 Num Layers:2 Dropout:0.4 Criterion:MSELoss() Prune:0.2,16,30.87382787018917,4.7683967456483005,0.37402257,0.04762794
gru_1_2023-01-03 00:00:00,gru_gruhyper,1,2023-01-03 00:00:00,25.482160723469246,5.264397633755363,Model Name:lstm Hidden Dim:16 Num Layers:2 Dropout:0.4 Criterion:MSELoss() Prune:0.2,16,32.29324139758643,5.139899538274396,0.42282382,0.05399463
rnn_1_2023-01-03 00:00:00,rnn_rnnhyper,1,2023-01-03 00:00:00,25.982068260509017,13.424949285031362,Model Name:lstm Hidden Dim:16 Num Layers:2 Dropout:0.4 Criterion:MSELoss() Prune:0.2,16,32.12185308626875,14.638299239309209,0.364643,0.13247049
lstm_1_2023-01-03 00:00:00,lstm_lstmhyper,1,2023-01-03 00:00:00,23.783178664811476,10.168176215829087,Model Name:lstm Hidden Dim:16 Num Layers:2 Dropout:0.4 Criterion:MSELoss() Prune:0.2,17,30.263219585779517,12.986603318599231,0.3328724,0.12072446
gru_1_2023-01-03 00:00:00,gru_gruhyper,1,2023-01-03 00:00:00,24.720921552449127,11.622637765075709,Model Name:lstm Hidden Dim:16 Num Layers:2 Dropout:0.4 Criterion:MSELoss() Prune:0.2,17,30.55118130300065,15.43875603926809,0.3162165,0.14229608
rnn_1_2023-01-03 00:00:00,rnn_rnnhyper,1,2023-01-03 00:00:00,23.92983926045576,6.492739510508516,Model Name:lstm Hidden Dim:16 Num Layers:2 Dropout:0.4 Criterion:MSELoss() Prune:0.2,17,30.514437581539465,6.6301435504043305,0.35896778,0.064204365
lstm_1_2023-01-03 00:00:00,lstm_lstmhyper,1,2023-01-03 00:00:00,25.951342315355287,9.723481722189733,Model Name:lstm Hidden Dim:16 Num Layers:2 Dropout:0.4 Criterion:MSELoss() Prune:0.4,18,32.199256971624266,10.292359469229714,0.42436513,0.11071898
gru_1_2023-01-03 00:00:00,gru_gruhyper,1,2023-01-03 00:00:00,26.673046620429865,8.643097397888939,Model Name:lstm Hidden Dim:16 Num Layers:2 Dropout:0.4 Criterion:MSELoss() Prune:0.4,18,33.10387873043052,9.885417737458882,0.4456408,0.10546335
rnn_1_2023-01-03 00:00:00,rnn_rnnhyper,1,2023-01-03 00:00:00,25.82319859059328,16.60759908632519,Model Name:lstm Hidden Dim:16 Num Layers:2 Dropout:0.4 Criterion:MSELoss() Prune:0.4,18,31.744111321754726,19.604532877604164,0.3465893,0.1706918
lstm_1_2023-01-03 00:00:00,lstm_lstmhyper,1,2023-01-03 00:00:00,23.810293020266204,10.86576573980429,Model Name:lstm Hidden Dim:16 Num Layers:2 Dropout:0.4 Criterion:MSELoss() Prune:0.4,19,30.438791890900195,13.909271775630481,0.34040624,0.1286163
gru_1_2023-01-03 00:00:00,gru_gruhyper,1,2023-01-03 00:00:00,24.705843906746665,11.311695723632376,Model Name:lstm Hidden Dim:16 Num Layers:2 Dropout:0.4 Criterion:MSELoss() Prune:0.4,19,30.59843597113503,14.973025673314144,0.31769696,0.13830556
rnn_1_2023-01-03 00:00:00,rnn_rnnhyper,1,2023-01-03 00:00:00,23.67536458396351,6.195643143170814,Model Name:lstm Hidden Dim:16 Num Layers:2 Dropout:0.4 Criterion:MSELoss() Prune:0.4,19,30.134850986627526,6.9076382821066336,0.34469634,0.06696802
lstm_1_2023-01-03 00:00:00,lstm_lstmhyper,1,2023-01-03 00:00:00,26.446846105827298,9.363049430666981,Model Name:lstm Hidden Dim:16 Num Layers:2 Dropout:0.4 Criterion:MSELoss() Prune:0.4,20,32.449547455968684,10.001733612595942,0.43846917,0.107619874
gru_1_2023-01-03 00:00:00,gru_gruhyper,1,2023-01-03 00:00:00,23.467434009375097,7.8036206865205715,Model Name:lstm Hidden Dim:16 Num Layers:2 Dropout:0.4 Criterion:MSELoss() Prune:0.4,20,30.315728453196346,9.580390796326753,0.34783202,0.09061627
rnn_1_2023-01-03 00:00:00,rnn_rnnhyper,1,2023-01-03 00:00:00,25.41854474575969,12.451764844948938,Model Name:lstm Hidden Dim:16 Num Layers:2 Dropout:0.4 Criterion:MSELoss() Prune:0.4,20,31.862025032615783,15.025689376027959,0.36280018,0.13745183
lstm_1_2023-01-03 00:00:00,lstm_lstmhyper,1,2023-01-03 00:00:00,23.70068765278433,6.452027456131734,Model Name:lstm Hidden Dim:16 Num Layers:2 Dropout:0.4 Criterion:MSELoss() Prune:0.4,21,30.682867539138943,7.218038993969298,0.36633557,0.06921781
gru_1_2023-01-03 00:00:00,gru_gruhyper,1,2023-01-03 00:00:00,23.99371255532374,10.090519343792042,Model Name:lstm Hidden Dim:16 Num Layers:2 Dropout:0.4 Criterion:MSELoss() Prune:0.4,21,30.216810889595564,12.9483642578125,0.32412994,0.1205135
rnn_1_2023-01-03 00:00:00,rnn_rnnhyper,1,2023-01-03 00:00:00,24.134555011548663,12.134934592870378,Model Name:lstm Hidden Dim:16 Num Layers:2 Dropout:0.4 Criterion:MSELoss() Prune:0.4,21,30.22554070857795,15.611240320038377,0.32240918,0.14276019
lstm_1_2023-01-03 00:00:00,lstm_lstmhyper,1,2023-01-03 00:00:00,49.075316797245435,43.89623300991712,Model Name:lstm Hidden Dim:16 Num Layers:2 Dropout:0.4 Criterion:MSELoss() Prune:0.4,22,81.38833170254402,80.10522032620614,0.5618997,0.5692672
gru_1_2023-01-03 00:00:00,gru_gruhyper,1,2023-01-03 00:00:00,24.065468820506723,10.704765784361976,Model Name:lstm Hidden Dim:16 Num Layers:2 Dropout:0.4 Criterion:MSELoss() Prune:0.4,22,30.43011048597521,13.97351716694079,0.32889268,0.12957102
rnn_1_2023-01-03 00:00:00,rnn_rnnhyper,1,2023-01-03 00:00:00,26.90245917328586,15.455796245203357,Model Name:lstm Hidden Dim:16 Num Layers:2 Dropout:0.4 Criterion:MSELoss() Prune:0.4,22,33.04869944553163,18.184983638294955,0.34863427,0.1591977
lstm_1_2023-01-03 00:00:00,lstm_lstmhyper,1,2023-01-03 00:00:00,23.676558169174026,9.593482395875883,Model Name:lstm Hidden Dim:16 Num Layers:2 Dropout:0.4 Criterion:MSELoss() Prune:0.4,23,30.256920662100455,11.70011071991502,0.33865857,0.108915046
gru_1_2023-01-03 00:00:00,gru_gruhyper,1,2023-01-03 00:00:00,23.392621094688973,8.392065624260486,Model Name:lstm Hidden Dim:16 Num Layers:2 Dropout:0.4 Criterion:MSELoss() Prune:0.4,23,30.207706498695366,10.410779451069079,0.34449086,0.09802936
rnn_1_2023-01-03 00:00:00,rnn_rnnhyper,1,2023-01-03 00:00:00,23.683651412699884,9.569625294204803,Model Name:lstm Hidden Dim:16 Num Layers:2 Dropout:0.4 Criterion:MSELoss() Prune:0.4,23,29.919265737116763,10.982210928933661,0.3555819,0.10241678
lstm_1_2023-01-03 00:00:00,lstm_lstmhyper,1,2023-01-03 00:00:00,28.09144156777058,17.542688238822784,Model Name:lstm Hidden Dim:16 Num Layers:2 Dropout:0.2 Criterion:MSELoss() Prune:0.2,0,32.927982815557726,25.099035430372805,0.30148807,0.2218294
gru_1_2023-01-03 00:00:00,gru_gruhyper,1,2023-01-03 00:00:00,26.073857968009595,7.077237576733545,Model Name:lstm Hidden Dim:16 Num Layers:2 Dropout:0.2 Criterion:MSELoss() Prune:0.2,0,32.666284450424,7.767985026041666,0.43417233,0.082222946
rnn_1_2023-01-03 00:00:00,rnn_rnnhyper,1,2023-01-03 00:00:00,25.740161386501153,14.099041066128398,Model Name:lstm Hidden Dim:16 Num Layers:2 Dropout:0.2 Criterion:MSELoss() Prune:0.2,0,32.03790565883887,16.578440883703397,0.33939633,0.14554887
lstm_1_2023-01-03 00:00:00,lstm_lstmhyper,1,2023-01-03 00:00:00,23.409823502661894,7.136691756842083,Model Name:lstm Hidden Dim:16 Num Layers:2 Dropout:0.2 Criterion:MSELoss() Prune:0.2,1,30.328285530821915,8.678974887780976,0.3503257,0.082537144
gru_1_2023-01-03 00:00:00,gru_gruhyper,1,2023-01-03 00:00:00,23.238091813503374,8.557598855341684,Model Name:lstm Hidden Dim:16 Num Layers:2 Dropout:0.2 Criterion:MSELoss() Prune:0.2,1,29.9772810665362,10.618485300164473,0.3430634,0.09986335
rnn_1_2023-01-03 00:00:00,rnn_rnnhyper,1,2023-01-03 00:00:00,24.396169693276136,12.415179135785065,Model Name:lstm Hidden Dim:16 Num Layers:2 Dropout:0.2 Criterion:MSELoss() Prune:0.2,1,30.328277886497062,16.22987553111294,0.3223792,0.14820658
lstm_1_2023-01-03 00:00:00,lstm_lstmhyper,1,2023-01-03 00:00:00,29.62822618904775,21.325792569349854,Model Name:lstm Hidden Dim:16 Num Layers:2 Dropout:0.2 Criterion:MSELoss() Prune:0.2,2,34.565139840182646,31.751019394188596,0.3046525,0.2729809
gru_1_2023-01-03 00:00:00,gru_gruhyper,1,2023-01-03 00:00:00,23.482297032568624,6.76480090472126,Model Name:lstm Hidden Dim:16 Num Layers:2 Dropout:0.2 Criterion:MSELoss() Prune:0.2,2,30.52129454093281,8.218140719229714,0.35727686,0.07840398
rnn_1_2023-01-03 00:00:00,rnn_rnnhyper,1,2023-01-03 00:00:00,25.921982133217433,12.771614453239163,Model Name:lstm Hidden Dim:16 Num Layers:2 Dropout:0.2 Criterion:MSELoss() Prune:0.2,2,32.413486627527725,14.920667146381579,0.35324177,0.13367616
lstm_1_2023-01-03 00:00:00,lstm_lstmhyper,1,2023-01-03 00:00:00,23.577020921383255,6.709274636643095,Model Name:lstm Hidden Dim:16 Num Layers:2 Dropout:0.2 Criterion:MSELoss() Prune:0.2,3,30.500285388127853,7.715299907483552,0.35410854,0.073807865
gru_1_2023-01-03 00:00:00,gru_gruhyper,1,2023-01-03 00:00:00,24.18255233432451,12.935437024154204,Model Name:lstm Hidden Dim:16 Num Layers:2 Dropout:0.2 Criterion:MSELoss() Prune:0.2,3,30.227859487116763,17.512121367872805,0.31852007,0.1599594
rnn_1_2023-01-03 00:00:00,rnn_rnnhyper,1,2023-01-03 00:00:00,23.592391827630312,9.055161023532898,Model Name:lstm Hidden Dim:16 Num Layers:2 Dropout:0.2 Criterion:MSELoss() Prune:0.2,3,30.374199893998693,10.947716428522478,0.35126492,0.10259495
lstm_1_2023-01-03 00:00:00,lstm_lstmhyper,1,2023-01-03 00:00:00,23.82891264067076,3.8987943986649927,Model Name:lstm Hidden Dim:16 Num Layers:2 Dropout:0.2 Criterion:MSELoss() Prune:0.2,4,30.939255646607958,4.339801453707511,0.3804427,0.04335752
gru_1_2023-01-03 00:00:00,gru_gruhyper,1,2023-01-03 00:00:00,27.492598213755077,10.120000664631817,Model Name:lstm Hidden Dim:16 Num Layers:2 Dropout:0.2 Criterion:MSELoss() Prune:0.2,4,33.720518387149376,11.774447257058661,0.46034077,0.12662514
rnn_1_2023-01-03 00:00:00,rnn_rnnhyper,1,2023-01-03 00:00:00,23.997435114816827,7.020788930267676,Model Name:lstm Hidden Dim:16 Num Layers:2 Dropout:0.2 Criterion:MSELoss() Prune:0.2,4,30.52942555446836,7.509823983175712,0.346925,0.07150059
lstm_1_2023-01-03 00:00:00,lstm_lstmhyper,1,2023-01-03 00:00:00,24.58089125405647,4.165280505714373,Model Name:lstm Hidden Dim:16 Num Layers:2 Dropout:0.2 Criterion:MSELoss() Prune:0.2,5,31.46099610649054,4.1193700422320445,0.40386218,0.042494155
gru_1_2023-01-03 00:00:00,gru_gruhyper,1,2023-01-03 00:00:00,24.979050059890813,13.575708663736721,Model Name:lstm Hidden Dim:16 Num Layers:2 Dropout:0.2 Criterion:MSELoss() Prune:0.2,5,30.57285041585127,18.584534762198462,0.31126767,0.16903582
rnn_1_2023-01-03 00:00:00,rnn_rnnhyper,1,2023-01-03 00:00:00,23.97166423165393,7.706025914061255,Model Name:lstm Hidden Dim:16 Num Layers:2 Dropout:0.2 Criterion:MSELoss() Prune:0.2,5,30.558942840834963,8.265581097519188,0.3488463,0.07810788
lstm_1_2023-01-03 00:00:00,lstm_lstmhyper,1,2023-01-03 00:00:00,54.612848601971635,52.92831697948887,Model Name:lstm Hidden Dim:16 Num Layers:2 Dropout:0.2 Criterion:MSELoss() Prune:0.4,6,100.54712981082844,106.04934210526315,0.65816635,0.6927397
gru_1_2023-01-03 00:00:00,gru_gruhyper,1,2023-01-03 00:00:00,23.917514196746335,3.97383536785594,Model Name:lstm Hidden Dim:16 Num Layers:2 Dropout:0.2 Criterion:MSELoss() Prune:0.4,6,31.160026296477493,4.491540206106086,0.38275263,0.044750866
rnn_1_2023-01-03 00:00:00,rnn_rnnhyper,1,2023-01-03 00:00:00,25.80791471456116,13.986060696237098,Model Name:lstm Hidden Dim:16 Num Layers:2 Dropout:0.2 Criterion:MSELoss() Prune:0.4,6,31.70533930609915,17.970664576480264,0.32479587,0.16108114
lstm_1_2023-01-03 00:00:00,lstm_lstmhyper,1,2023-01-03 00:00:00,23.768217468314567,5.701354538440672,Model Name:lstm Hidden Dim:16 Num Layers:2 Dropout:0.2 Criterion:MSELoss() Prune:0.4,7,30.79552959882583,6.4774030718887055,0.3649882,0.0628405
gru_1_2023-01-03 00:00:00,gru_gruhyper,1,2023-01-03 00:00:00,23.6645963954299,9.226784518523749,Model Name:lstm Hidden Dim:16 Num Layers:2 Dropout:0.2 Criterion:MSELoss() Prune:0.4,7,30.205892245596868,11.62376002261513,0.33278206,0.108804524
rnn_1_2023-01-03 00:00:00,rnn_rnnhyper,1,2023-01-03 00:00:00,23.71866250807315,10.269922387592224,Model Name:lstm Hidden Dim:16 Num Layers:2 Dropout:0.2 Criterion:MSELoss() Prune:0.4,7,30.394651011089366,12.70360471491228,0.3478045,0.11757836
lstm_1_2023-01-03 00:00:00,lstm_lstmhyper,1,2023-01-03 00:00:00,61.82987030010758,59.32918462643406,Model Name:lstm Hidden Dim:16 Num Layers:2 Dropout:0.2 Criterion:MSELoss() Prune:0.4,8,129.89178693737767,127.14004248903508,0.7810992,0.7766647
gru_1_2023-01-03 00:00:00,gru_gruhyper,1,2023-01-03 00:00:00,23.626562964999003,10.052740256761927,Model Name:lstm Hidden Dim:16 Num Layers:2 Dropout:0.2 Criterion:MSELoss() Prune:0.4,8,30.102775399543376,12.834879557291666,0.33284205,0.119454324
rnn_1_2023-01-03 00:00:00,rnn_rnnhyper,1,2023-01-03 00:00:00,24.55392811226317,12.040190468735846,Model Name:lstm Hidden Dim:16 Num Layers:2 Dropout:0.2 Criterion:MSELoss() Prune:0.4,8,30.412490317188517,15.704079075863486,0.3195246,0.14401706
lstm_1_2023-01-03 00:00:00,lstm_lstmhyper,1,2023-01-03 00:00:00,23.597561519529275,7.10729306097202,Model Name:lstm Hidden Dim:16 Num Layers:2 Dropout:0.2 Criterion:MSELoss() Prune:0.4,9,30.46274156066536,8.396121376439144,0.35163826,0.0798178
gru_1_2023-01-03 00:00:00,gru_gruhyper,1,2023-01-03 00:00:00,25.38892061587224,14.545706959181558,Model Name:lstm Hidden Dim:16 Num Layers:2 Dropout:0.2 Criterion:MSELoss() Prune:0.4,9,30.876121167645138,20.215432685718202,0.3101813,0.18266423
rnn_1_2023-01-03 00:00:00,rnn_rnnhyper,1,2023-01-03 00:00:00,24.78489860238425,12.490409528922394,Model Name:lstm Hidden Dim:16 Num Layers:2 Dropout:0.2 Criterion:MSELoss() Prune:0.4,9,30.835009988584474,15.687101665296051,0.3250791,0.14274664
lstm_1_2023-01-03 00:00:00,lstm_lstmhyper,1,2023-01-03 00:00:00,40.99591639581694,36.51492464294138,Model Name:lstm Hidden Dim:16 Num Layers:2 Dropout:0.2 Criterion:MSELoss() Prune:0.4,10,57.552572570123935,62.526247258771924,0.4318652,0.47581157
gru_1_2023-01-03 00:00:00,gru_gruhyper,1,2023-01-03 00:00:00,24.05004877731865,5.026742183377761,Model Name:lstm Hidden Dim:16 Num Layers:2 Dropout:0.2 Criterion:MSELoss() Prune:0.4,10,31.28269732550554,4.870657937568531,0.38614407,0.0510709
rnn_1_2023-01-03 00:00:00,rnn_rnnhyper,1,2023-01-03 00:00:00,25.60464368665013,13.182199579060677,Model Name:lstm Hidden Dim:16 Num Layers:2 Dropout:0.2 Criterion:MSELoss() Prune:0.4,10,31.518178204500977,15.86072205660636,0.32687446,0.1425255
lstm_1_2023-01-03 00:00:00,lstm_lstmhyper,1,2023-01-03 00:00:00,24.04059219824228,11.548095968938451,Model Name:lstm Hidden Dim:16 Num Layers:2 Dropout:0.2 Criterion:MSELoss() Prune:0.4,11,30.392882623939986,15.083497164542214,0.32822135,0.13886517
gru_1_2023-01-03 00:00:00,gru_gruhyper,1,2023-01-03 00:00:00,23.485821281563293,6.847520599501378,Model Name:lstm Hidden Dim:16 Num Layers:2 Dropout:0.2 Criterion:MSELoss() Prune:0.4,11,30.377894651011086,8.317543431332236,0.34815177,0.079282545
rnn_1_2023-01-03 00:00:00,rnn_rnnhyper,1,2023-01-03 00:00:00,24.477382886028046,10.457982962971808,Model Name:lstm Hidden Dim:16 Num Layers:2 Dropout:0.2 Criterion:MSELoss() Prune:0.4,11,30.328486831376384,13.359167266310306,0.3201904,0.12382513
lstm_1_2023-01-03 00:00:00,lstm_lstmhyper,1,2023-01-03 00:00:00,25.632205303689123,13.247806007549773,Model Name:lstm Hidden Dim:16 Num Layers:2 Dropout:0.4 Criterion:MSELoss() Prune:0.2,12,31.249016430202214,17.701984606291116,0.3142778,0.16079457
gru_1_2023-01-03 00:00:00,gru_gruhyper,1,2023-01-03 00:00:00,23.75617338558088,4.785067959963549,Model Name:lstm Hidden Dim:16 Num Layers:2 Dropout:0.4 Criterion:MSELoss() Prune:0.2,12,30.88035357550554,5.626292981599506,0.37905702,0.054929923
rnn_1_2023-01-03 00:00:00,rnn_rnnhyper,1,2023-01-03 00:00:00,30.24859868106238,21.58455549434993,Model Name:lstm Hidden Dim:16 Num Layers:2 Dropout:0.4 Criterion:MSELoss() Prune:0.2,12,37.46727719341161,27.12208316200658,0.38558435,0.22999246
lstm_1_2023-01-03 00:00:00,lstm_lstmhyper,1,2023-01-03 00:00:00,23.53396165277361,7.952051955945622,Model Name:lstm Hidden Dim:16 Num Layers:2 Dropout:0.4 Criterion:MSELoss() Prune:0.2,13,30.252622003424655,9.740501002261512,0.34155774,0.09197719
gru_1_2023-01-03 00:00:00,gru_gruhyper,1,2023-01-03 00:00:00,24.107919289331825,10.297022446544847,Model Name:lstm Hidden Dim:16 Num Layers:2 Dropout:0.4 Criterion:MSELoss() Prune:0.2,13,30.27347826973255,13.279217636376096,0.32298222,0.12343146
rnn_1_2023-01-03 00:00:00,rnn_rnnhyper,1,2023-01-03 00:00:00,24.191832319536328,9.869025245775685,Model Name:lstm Hidden Dim:16 Num Layers:2 Dropout:0.4 Criterion:MSELoss() Prune:0.2,13,30.494577625570773,12.20416045607182,0.32972214,0.113430224
lstm_1_2023-01-03 00:00:00,lstm_lstmhyper,1,2023-01-03 00:00:00,24.70109025657129,8.376202397361379,Model Name:lstm Hidden Dim:16 Num Layers:2 Dropout:0.4 Criterion:MSELoss() Prune:0.2,14,31.549728881278536,8.733037580523574,0.39732692,0.093063995
gru_1_2023-01-03 00:00:00,gru_gruhyper,1,2023-01-03 00:00:00,24.080794080650403,3.939410155047319,Model Name:lstm Hidden Dim:16 Num Layers:2 Dropout:0.4 Criterion:MSELoss() Prune:0.2,14,31.43926838714938,4.594031082956414,0.38181144,0.045581352
rnn_1_2023-01-03 00:00:00,rnn_rnnhyper,1,2023-01-03 00:00:00,26.519992412491256,15.66540771187577,Model Name:lstm Hidden Dim:16 Num Layers:2 Dropout:0.4 Criterion:MSELoss() Prune:0.2,14,32.9300136578604,19.152981942160086,0.3637675,0.16700776
lstm_1_2023-01-03 00:00:00,lstm_lstmhyper,1,2023-01-03 00:00:00,23.97903798519266,11.449300046623689,Model Name:lstm Hidden Dim:16 Num Layers:2 Dropout:0.4 Criterion:MSELoss() Prune:0.2,15,30.374334943737768,14.542616459361293,0.330464,0.13366885
gru_1_2023-01-03 00:00:00,gru_gruhyper,1,2023-01-03 00:00:00,24.277570958812092,10.108236870825632,Model Name:lstm Hidden Dim:16 Num Layers:2 Dropout:0.4 Criterion:MSELoss() Prune:0.2,15,30.472154272667968,13.042440849438048,0.32404304,0.121412806
rnn_1_2023-01-03 00:00:00,rnn_rnnhyper,1,2023-01-03 00:00:00,23.94378436192392,9.170396727920822,Model Name:lstm Hidden Dim:16 Num Layers:2 Dropout:0.4 Criterion:MSELoss() Prune:0.2,15,30.590218321917806,10.725948936060854,0.35640973,0.10039991
lstm_1_2023-01-03 00:00:00,lstm_lstmhyper,1,2023-01-03 00:00:00,24.756442994230056,4.79850557428664,Model Name:lstm Hidden Dim:16 Num Layers:2 Dropout:0.4 Criterion:MSELoss() Prune:0.2,16,31.72098723907371,4.785953454804002,0.4049335,0.049087573
gru_1_2023-01-03 00:00:00,gru_gruhyper,1,2023-01-03 00:00:00,26.972154740540404,9.237462387731064,Model Name:lstm Hidden Dim:16 Num Layers:2 Dropout:0.4 Criterion:MSELoss() Prune:0.2,16,33.43298475212002,10.649493301123902,0.45137087,0.11398318
rnn_1_2023-01-03 00:00:00,rnn_rnnhyper,1,2023-01-03 00:00:00,27.30366928537834,15.430974036553781,Model Name:lstm Hidden Dim:16 Num Layers:2 Dropout:0.4 Criterion:MSELoss() Prune:0.2,16,33.50672955397913,19.677021227384866,0.3372051,0.17337538
lstm_1_2023-01-03 00:00:00,lstm_lstmhyper,1,2023-01-03 00:00:00,23.9818746151879,9.974510131127094,Model Name:lstm Hidden Dim:16 Num Layers:2 Dropout:0.4 Criterion:MSELoss() Prune:0.2,17,30.38522301043705,11.908468681469298,0.33308962,0.11035585
gru_1_2023-01-03 00:00:00,gru_gruhyper,1,2023-01-03 00:00:00,24.25353097279729,10.131529033378882,Model Name:lstm Hidden Dim:16 Num Layers:2 Dropout:0.4 Criterion:MSELoss() Prune:0.2,17,30.36540382420091,13.034622995476973,0.32211074,0.121297136
rnn_1_2023-01-03 00:00:00,rnn_rnnhyper,1,2023-01-03 00:00:00,23.54665337694311,7.568951841729598,Model Name:lstm Hidden Dim:16 Num Layers:2 Dropout:0.4 Criterion:MSELoss() Prune:0.2,17,30.2782585208741,8.746245802494517,0.3502562,0.08286572
lstm_1_2023-01-03 00:00:00,lstm_lstmhyper,1,2023-01-03 00:00:00,60.50104919028264,55.340322275274566,Model Name:lstm Hidden Dim:16 Num Layers:2 Dropout:0.4 Criterion:MSELoss() Prune:0.4,18,124.12291055120677,113.9693753426535,0.7566729,0.7245447
gru_1_2023-01-03 00:00:00,gru_gruhyper,1,2023-01-03 00:00:00,26.958791297509173,8.741602764738534,Model Name:lstm Hidden Dim:16 Num Layers:2 Dropout:0.4 Criterion:MSELoss() Prune:0.4,18,32.78056455887149,9.882123980605812,0.44972977,0.10559786
rnn_1_2023-01-03 00:00:00,rnn_rnnhyper,1,2023-01-03 00:00:00,26.030333210896714,13.55023961154464,Model Name:lstm Hidden Dim:16 Num Layers:2 Dropout:0.4 Criterion:MSELoss() Prune:0.4,18,32.130399441454664,15.05925014562774,0.36903325,0.14085388
lstm_1_2023-01-03 00:00:00,lstm_lstmhyper,1,2023-01-03 00:00:00,25.557359994771442,16.061387554193928,Model Name:lstm Hidden Dim:16 Num Layers:2 Dropout:0.4 Criterion:MSELoss() Prune:0.4,19,31.074269712165687,22.305841814007675,0.31090224,0.19892827
gru_1_2023-01-03 00:00:00,gru_gruhyper,1,2023-01-03 00:00:00,23.989339368150855,8.220394303640441,Model Name:lstm Hidden Dim:16 Num Layers:2 Dropout:0.4 Criterion:MSELoss() Prune:0.4,19,30.403284001956944,10.174973872669955,0.33095807,0.095923625
rnn_1_2023-01-03 00:00:00,rnn_rnnhyper,1,2023-01-03 00:00:00,24.183842030000758,8.029392606535243,Model Name:lstm Hidden Dim:16 Num Layers:2 Dropout:0.4 Criterion:MSELoss() Prune:0.4,19,30.67514677103718,8.709457129762884,0.3574726,0.08222752
lstm_1_2023-01-03 00:00:00,lstm_lstmhyper,1,2023-01-03 00:00:00,93.73596769983762,92.98231518681388,Model Name:lstm Hidden Dim:16 Num Layers:2 Dropout:0.4 Criterion:MSELoss() Prune:0.4,20,199.9558871493803,200.0,1.3192441,1.2200454
gru_1_2023-01-03 00:00:00,gru_gruhyper,1,2023-01-03 00:00:00,23.756493252996904,4.888108065894942,Model Name:lstm Hidden Dim:16 Num Layers:2 Dropout:0.4 Criterion:MSELoss() Prune:0.4,20,30.994440027723417,5.76556610642818,0.37520623,0.056179225
rnn_1_2023-01-03 00:00:00,rnn_rnnhyper,1,2023-01-03 00:00:00,26.099162051024262,11.843139954811722,Model Name:lstm Hidden Dim:16 Num Layers:2 Dropout:0.4 Criterion:MSELoss() Prune:0.4,20,32.123968016144815,12.923404091282894,0.391959,0.12503642
lstm_1_2023-01-03 00:00:00,lstm_lstmhyper,1,2023-01-03 00:00:00,23.522024669046882,6.7622143471792775,Model Name:lstm Hidden Dim:16 Num Layers:2 Dropout:0.4 Criterion:MSELoss() Prune:0.4,21,30.50005860649054,7.871294523540295,0.3574894,0.07507249
gru_1_2023-01-03 00:00:00,gru_gruhyper,1,2023-01-03 00:00:00,24.208925678755993,8.823126696203882,Model Name:lstm Hidden Dim:16 Num Layers:2 Dropout:0.4 Criterion:MSELoss() Prune:0.4,21,30.337086696836266,11.027783845600329,0.3232904,0.10351543
rnn_1_2023-01-03 00:00:00,rnn_rnnhyper,1,2023-01-03 00:00:00,23.509449459040667,10.978166586528122,Model Name:lstm Hidden Dim:16 Num Layers:2 Dropout:0.4 Criterion:MSELoss() Prune:0.4,21,29.999398646444877,12.946725945723683,0.3493368,0.11910853
lstm_1_2023-01-03 00:00:00,lstm_lstmhyper,1,2023-01-03 00:00:00,23.672759368793756,8.67515817987204,Model Name:lstm Hidden Dim:16 Num Layers:2 Dropout:0.4 Criterion:MSELoss() Prune:0.4,22,30.48754739481409,10.313674659059759,0.34837306,0.09664312
gru_1_2023-01-03 00:00:00,gru_gruhyper,1,2023-01-03 00:00:00,24.08686874821528,3.888327536864088,Model Name:lstm Hidden Dim:16 Num Layers:2 Dropout:0.4 Criterion:MSELoss() Prune:0.4,22,31.146350599315067,4.243787531267133,0.3908317,0.042632233
rnn_1_2023-01-03 00:00:00,rnn_rnnhyper,1,2023-01-03 00:00:00,27.936255783605493,20.476637018178028,Model Name:lstm Hidden Dim:16 Num Layers:2 Dropout:0.4 Criterion:MSELoss() Prune:0.4,22,34.66810125163079,25.081834224232455,0.3571301,0.20749283
lstm_1_2023-01-03 00:00:00,lstm_lstmhyper,1,2023-01-03 00:00:00,24.35193595318386,13.076900447636007,Model Name:lstm Hidden Dim:16 Num Layers:2 Dropout:0.4 Criterion:MSELoss() Prune:0.4,23,30.348232122472275,17.417918422765897,0.31987584,0.15857184
gru_1_2023-01-03 00:00:00,gru_gruhyper,1,2023-01-03 00:00:00,25.30843548578776,15.020426765403297,Model Name:lstm Hidden Dim:16 Num Layers:2 Dropout:0.4 Criterion:MSELoss() Prune:0.4,23,30.713837247227655,20.93319969846491,0.30800775,0.18847926
rnn_1_2023-01-03 00:00:00,rnn_rnnhyper,1,2023-01-03 00:00:00,23.768836331768668,11.472370293508103,Model Name:lstm Hidden Dim:16 Num Layers:2 Dropout:0.4 Criterion:MSELoss() Prune:0.4,23,30.143183300717546,14.84720544647752,0.33189732,0.13663924
lstm_1_2023-01-03 00:00:00,lstm_lstmhyper,1,2023-01-03 00:00:00,24.03196875956977,4.538590162063511,Model Name:lstm Hidden Dim:16 Num Layers:2 Dropout:0.2 Criterion:MSELoss() Prune:0.2,0,31.141496453033266,4.5277265582168305,0.38595638,0.04672649
gru_1_2023-01-03 00:00:00,gru_gruhyper,1,2023-01-03 00:00:00,25.446987922658696,5.463914924528953,Model Name:lstm Hidden Dim:16 Num Layers:2 Dropout:0.2 Criterion:MSELoss() Prune:0.2,0,32.52321836268754,5.450554563288103,0.4209281,0.057294056
rnn_1_2023-01-03 00:00:00,rnn_rnnhyper,1,2023-01-03 00:00:00,26.52497809406494,15.720587499768914,Model Name:lstm Hidden Dim:16 Num Layers:2 Dropout:0.2 Criterion:MSELoss() Prune:0.2,0,32.84578339041096,17.897664388020832,0.33759052,0.15401153
lstm_1_2023-01-03 00:00:00,lstm_lstmhyper,1,2023-01-03 00:00:00,23.426906460074118,6.848294913260829,Model Name:lstm Hidden Dim:16 Num Layers:2 Dropout:0.2 Criterion:MSELoss() Prune:0.2,1,30.280347969667318,8.301065545333058,0.34783733,0.07921431
gru_1_2023-01-03 00:00:00,gru_gruhyper,1,2023-01-03 00:00:00,23.66075827046956,7.405910822187988,Model Name:lstm Hidden Dim:16 Num Layers:2 Dropout:0.2 Criterion:MSELoss() Prune:0.2,1,30.365949119373774,9.041918302837171,0.33980024,0.08577115
rnn_1_2023-01-03 00:00:00,rnn_rnnhyper,1,2023-01-03 00:00:00,23.702495408167866,7.060736511976122,Model Name:lstm Hidden Dim:16 Num Layers:2 Dropout:0.2 Criterion:MSELoss() Prune:0.2,1,30.476363747553815,7.974755002741228,0.35286897,0.07550348
lstm_1_2023-01-03 00:00:00,lstm_lstmhyper,1,2023-01-03 00:00:00,24.902222119801,6.164402554684531,Model Name:lstm Hidden Dim:16 Num Layers:2 Dropout:0.2 Criterion:MSELoss() Prune:0.2,2,31.68658777723418,6.636201557360197,0.40588117,0.067415185
gru_1_2023-01-03 00:00:00,gru_gruhyper,1,2023-01-03 00:00:00,24.94967591222379,5.206868792301114,Model Name:lstm Hidden Dim:16 Num Layers:2 Dropout:0.2 Criterion:MSELoss() Prune:0.2,2,32.078226924331375,5.086235180235746,0.41019645,0.0534014
rnn_1_2023-01-03 00:00:00,rnn_rnnhyper,1,2023-01-03 00:00:00,28.011003784366824,14.438196470958012,Model Name:lstm Hidden Dim:16 Num Layers:2 Dropout:0.2 Criterion:MSELoss() Prune:0.2,2,33.26825974396608,15.38575075383772,0.43370187,0.15358174
lstm_1_2023-01-03 00:00:00,lstm_lstmhyper,1,2023-01-03 00:00:00,23.488014573677386,5.923211503000491,Model Name:lstm Hidden Dim:16 Num Layers:2 Dropout:0.2 Criterion:MSELoss() Prune:0.2,3,30.436261619373774,6.926272208230537,0.35535496,0.066823535
gru_1_2023-01-03 00:00:00,gru_gruhyper,1,2023-01-03 00:00:00,23.703096675164353,9.39264371630508,Model Name:lstm Hidden Dim:16 Num Layers:2 Dropout:0.2 Criterion:MSELoss() Prune:0.2,3,30.166661570450096,11.859302186129385,0.33117384,0.11087887
rnn_1_2023-01-03 00:00:00,rnn_rnnhyper,1,2023-01-03 00:00:00,25.12090028935381,13.168011624818957,Model Name:lstm Hidden Dim:16 Num Layers:2 Dropout:0.2 Criterion:MSELoss() Prune:0.2,3,31.068080357142854,16.259683173999452,0.33039615,0.1459172
lstm_1_2023-01-03 00:00:00,lstm_lstmhyper,1,2023-01-03 00:00:00,24.321310060251175,4.908856713844941,Model Name:lstm Hidden Dim:16 Num Layers:2 Dropout:0.2 Criterion:MSELoss() Prune:0.2,4,31.40744761089367,5.089334588301809,0.39278662,0.05178787
gru_1_2023-01-03 00:00:00,gru_gruhyper,1,2023-01-03 00:00:00,28.307059398962764,11.27287848362789,Model Name:lstm Hidden Dim:16 Num Layers:2 Dropout:0.2 Criterion:MSELoss() Prune:0.2,4,33.8201647097195,13.167035019188596,0.47305742,0.142551
rnn_1_2023-01-03 00:00:00,rnn_rnnhyper,1,2023-01-03 00:00:00,24.08698150916084,9.16136427602075,Model Name:lstm Hidden Dim:16 Num Layers:2 Dropout:0.2 Criterion:MSELoss() Prune:0.2,4,30.45817025440313,10.091778671532346,0.34737843,0.093880765
lstm_1_2023-01-03 00:00:00,lstm_lstmhyper,1,2023-01-03 00:00:00,23.54346488453922,6.8261922724123005,Model Name:lstm Hidden Dim:16 Num Layers:2 Dropout:0.2 Criterion:MSELoss() Prune:0.2,5,30.474391511741683,7.386577940823739,0.3570829,0.0703271
gru_1_2023-01-03 00:00:00,gru_gruhyper,1,2023-01-03 00:00:00,23.753868671344225,8.318615492285726,Model Name:lstm Hidden Dim:16 Num Layers:2 Dropout:0.2 Criterion:MSELoss() Prune:0.2,5,30.31868425880626,10.311870374177632,0.33443233,0.09714805
rnn_1_2023-01-03 00:00:00,rnn_rnnhyper,1,2023-01-03 00:00:00,23.279932586467442,7.346915094614249,Model Name:lstm Hidden Dim:16 Num Layers:2 Dropout:0.2 Criterion:MSELoss() Prune:0.2,5,29.522774991846052,8.242098624246163,0.35050726,0.078481115
lstm_1_2023-01-03 00:00:00,lstm_lstmhyper,1,2023-01-03 00:00:00,36.41104112787253,30.915216485600784,Model Name:lstm Hidden Dim:16 Num Layers:2 Dropout:0.2 Criterion:MSELoss() Prune:0.4,6,46.42383194716243,50.20944695723684,0.36541986,0.4002375
gru_1_2023-01-03 00:00:00,gru_gruhyper,1,2023-01-03 00:00:00,24.553667106144758,3.842803962712306,Model Name:lstm Hidden Dim:16 Num Layers:2 Dropout:0.2 Criterion:MSELoss() Prune:0.4,6,31.643957925636006,3.931566740337171,0.40203902,0.04023825
rnn_1_2023-01-03 00:00:00,rnn_rnnhyper,1,2023-01-03 00:00:00,25.574222031560048,14.551947834946896,Model Name:lstm Hidden Dim:16 Num Layers:2 Dropout:0.2 Criterion:MSELoss() Prune:0.4,6,31.572580316373124,18.013001559073462,0.33191845,0.15912236
lstm_1_2023-01-03 00:00:00,lstm_lstmhyper,1,2023-01-03 00:00:00,23.61359497568681,9.94846070617778,Model Name:lstm Hidden Dim:16 Num Layers:2 Dropout:0.2 Criterion:MSELoss() Prune:0.4,7,30.1480450913242,12.700122498629385,0.33383814,0.118277125
gru_1_2023-01-03 00:00:00,gru_gruhyper,1,2023-01-03 00:00:00,23.795952922467325,8.196508213087268,Model Name:lstm Hidden Dim:16 Num Layers:2 Dropout:0.2 Criterion:MSELoss() Prune:0.4,7,30.258291544357466,10.13744260553728,0.33151603,0.095594056
rnn_1_2023-01-03 00:00:00,rnn_rnnhyper,1,2023-01-03 00:00:00,23.474148430374424,9.1865503767577,Model Name:lstm Hidden Dim:16 Num Layers:2 Dropout:0.2 Criterion:MSELoss() Prune:0.4,7,29.927924209067186,11.184191252055921,0.34315756,0.10457598
lstm_1_2023-01-03 00:00:00,lstm_lstmhyper,1,2023-01-03 00:00:00,24.662783067860442,4.6104337866330685,Model Name:lstm Hidden Dim:16 Num Layers:2 Dropout:0.2 Criterion:MSELoss() Prune:0.4,8,31.63836737606001,4.465613114206414,0.40475398,0.04651037
gru_1_2023-01-03 00:00:00,gru_gruhyper,1,2023-01-03 00:00:00,27.679481326849995,11.359014996014729,Model Name:lstm Hidden Dim:16 Num Layers:2 Dropout:0.2 Criterion:MSELoss() Prune:0.4,8,33.57892000978473,13.30643396210252,0.46269807,0.14408481
rnn_1_2023-01-03 00:00:00,rnn_rnnhyper,1,2023-01-03 00:00:00,27.504128995778185,18.405043764857723,Model Name:lstm Hidden Dim:16 Num Layers:2 Dropout:0.2 Criterion:MSELoss() Prune:0.4,8,33.885620515329414,23.126878169544955,0.33662415,0.19502874
lstm_1_2023-01-03 00:00:00,lstm_lstmhyper,1,2023-01-03 00:00:00,23.59560862919266,8.356472188753234,Model Name:lstm Hidden Dim:16 Num Layers:2 Dropout:0.2 Criterion:MSELoss() Prune:0.4,9,30.223191352739725,10.350869697436952,0.33748978,0.09750422
gru_1_2023-01-03 00:00:00,gru_gruhyper,1,2023-01-03 00:00:00,24.226275292557485,11.774724392591292,Model Name:lstm Hidden Dim:16 Num Layers:2 Dropout:0.2 Criterion:MSELoss() Prune:0.4,9,30.323444125081537,15.66587428042763,0.32066542,0.1442332
rnn_1_2023-01-03 00:00:00,rnn_rnnhyper,1,2023-01-03 00:00:00,23.98614483494521,8.674402257020455,Model Name:lstm Hidden Dim:16 Num Layers:2 Dropout:0.2 Criterion:MSELoss() Prune:0.4,9,30.61418328033268,10.035304019325658,0.34943467,0.094132744
lstm_1_2023-01-03 00:00:00,lstm_lstmhyper,1,2023-01-03 00:00:00,25.20932144456317,6.209494599494579,Model Name:lstm Hidden Dim:16 Num Layers:2 Dropout:0.2 Criterion:MSELoss() Prune:0.4,10,32.00923944063927,6.135843912760416,0.41686535,0.06487493
gru_1_2023-01-03 00:00:00,gru_gruhyper,1,2023-01-03 00:00:00,24.992723550440637,5.22096854012244,Model Name:lstm Hidden Dim:16 Num Layers:2 Dropout:0.2 Criterion:MSELoss() Prune:0.4,10,32.00484650195695,5.095432214569627,0.41182932,0.053507682
rnn_1_2023-01-03 00:00:00,rnn_rnnhyper,1,2023-01-03 00:00:00,26.474695179799166,15.972337651964391,Model Name:lstm Hidden Dim:16 Num Layers:2 Dropout:0.2 Criterion:MSELoss() Prune:0.4,10,32.550531535388124,20.404221919544955,0.32750198,0.17929494
lstm_1_2023-01-03 00:00:00,lstm_lstmhyper,1,2023-01-03 00:00:00,24.35004607084643,13.552743241323299,Model Name:lstm Hidden Dim:16 Num Layers:2 Dropout:0.2 Criterion:MSELoss() Prune:0.4,11,30.30403518427919,18.400174324972586,0.3183904,0.167179
gru_1_2023-01-03 00:00:00,gru_gruhyper,1,2023-01-03 00:00:00,24.1534932328962,9.838126959204669,Model Name:lstm Hidden Dim:16 Num Layers:2 Dropout:0.2 Criterion:MSELoss() Prune:0.4,11,30.407241214122635,12.600843998423793,0.32526264,0.11749711
rnn_1_2023-01-03 00:00:00,rnn_rnnhyper,1,2023-01-03 00:00:00,24.485947919323287,11.323174430114758,Model Name:lstm Hidden Dim:16 Num Layers:2 Dropout:0.2 Criterion:MSELoss() Prune:0.4,11,30.587993823385517,14.094127989651863,0.32569778,0.12927677
lstm_1_2023-01-03 00:00:00,lstm_lstmhyper,1,2023-01-03 00:00:00,27.622615935729414,9.112434828620689,Model Name:lstm Hidden Dim:16 Num Layers:2 Dropout:0.4 Criterion:MSELoss() Prune:0.2,12,33.29973397749511,9.474584746779056,0.45583707,0.101607
gru_1_2023-01-03 00:00:00,gru_gruhyper,1,2023-01-03 00:00:00,27.498927979815186,9.406720830850185,Model Name:lstm Hidden Dim:16 Num Layers:2 Dropout:0.4 Criterion:MSELoss() Prune:0.2,12,33.327472684279186,10.856776187294408,0.4594484,0.116318315
rnn_1_2023-01-03 00:00:00,rnn_rnnhyper,1,2023-01-03 00:00:00,27.03163723530437,17.12041150177864,Model Name:lstm Hidden Dim:16 Num Layers:2 Dropout:0.4 Criterion:MSELoss() Prune:0.2,12,32.90927715264188,21.178400407757675,0.33201522,0.18230942
lstm_1_2023-01-03 00:00:00,lstm_lstmhyper,1,2023-01-03 00:00:00,23.66996434120809,6.8775019861382765,Model Name:lstm Hidden Dim:16 Num Layers:2 Dropout:0.4 Criterion:MSELoss() Prune:0.2,13,30.601570144324853,8.109360544305098,0.36111784,0.07777035
gru_1_2023-01-03 00:00:00,gru_gruhyper,1,2023-01-03 00:00:00,25.231916240507157,13.043160609924616,Model Name:lstm Hidden Dim:16 Num Layers:2 Dropout:0.4 Criterion:MSELoss() Prune:0.2,13,30.674127527723417,17.71934964364035,0.30919418,0.16175567
rnn_1_2023-01-03 00:00:00,rnn_rnnhyper,1,2023-01-03 00:00:00,24.222477031771287,10.651440203360375,Model Name:lstm Hidden Dim:16 Num Layers:2 Dropout:0.4 Criterion:MSELoss() Prune:0.2,13,30.282582660632745,13.153788248697916,0.32493746,0.121371746
lstm_1_2023-01-03 00:00:00,lstm_lstmhyper,1,2023-01-03 00:00:00,36.524905552046775,29.51867808620554,Model Name:lstm Hidden Dim:16 Num Layers:2 Dropout:0.4 Criterion:MSELoss() Prune:0.2,14,46.678444023157205,47.423219915021924,0.36696976,0.38185987
gru_1_2023-01-03 00:00:00,gru_gruhyper,1,2023-01-03 00:00:00,23.662067378341806,4.866301576863821,Model Name:lstm Hidden Dim:16 Num Layers:2 Dropout:0.4 Criterion:MSELoss() Prune:0.2,14,30.852658186562294,5.737928959361294,0.3720243,0.055936962
rnn_1_2023-01-03 00:00:00,rnn_rnnhyper,1,2023-01-03 00:00:00,27.256239430461147,17.68481942612832,Model Name:lstm Hidden Dim:16 Num Layers:2 Dropout:0.4 Criterion:MSELoss() Prune:0.2,14,33.498341181506845,22.04478267201206,0.34960133,0.19197626
lstm_1_2023-01-03 00:00:00,lstm_lstmhyper,1,2023-01-03 00:00:00,23.67886009771889,8.506737675305667,Model Name:lstm Hidden Dim:16 Num Layers:2 Dropout:0.4 Criterion:MSELoss() Prune:0.2,15,30.499459801043702,9.912258215117872,0.35757995,0.09297096
gru_1_2023-01-03 00:00:00,gru_gruhyper,1,2023-01-03 00:00:00,24.312000416621675,9.367968554540903,Model Name:lstm Hidden Dim:16 Num Layers:2 Dropout:0.4 Criterion:MSELoss() Prune:0.2,15,30.434021832191778,11.866409034059759,0.32293892,0.11098578
rnn_1_2023-01-03 00:00:00,rnn_rnnhyper,1,2023-01-03 00:00:00,24.467728516753066,13.088859282026355,Model Name:lstm Hidden Dim:16 Num Layers:2 Dropout:0.4 Criterion:MSELoss() Prune:0.2,15,30.72527570531637,15.7302031935307,0.33861443,0.14190921
lstm_1_2023-01-03 00:00:00,lstm_lstmhyper,1,2023-01-03 00:00:00,24.123654026572137,6.903520277664222,Model Name:lstm Hidden Dim:16 Num Layers:2 Dropout:0.4 Criterion:MSELoss() Prune:0.2,16,31.01985485975212,7.369571618866502,0.3739022,0.0749654
gru_1_2023-01-03 00:00:00,gru_gruhyper,1,2023-01-03 00:00:00,23.662384648754763,6.0610230209953135,Model Name:lstm Hidden Dim:16 Num Layers:2 Dropout:0.4 Criterion:MSELoss() Prune:0.2,16,30.733238543705152,7.2651420727110745,0.35782182,0.06970944
rnn_1_2023-01-03 00:00:00,rnn_rnnhyper,1,2023-01-03 00:00:00,25.036112833281074,14.472951983314534,Model Name:lstm Hidden Dim:16 Num Layers:2 Dropout:0.4 Criterion:MSELoss() Prune:0.2,16,30.92158706376386,18.61839107044956,0.3224499,0.1668575
lstm_1_2023-01-03 00:00:00,lstm_lstmhyper,1,2023-01-03 00:00:00,23.96870416390663,9.966431159699804,Model Name:lstm Hidden Dim:16 Num Layers:2 Dropout:0.4 Criterion:MSELoss() Prune:0.2,17,30.140999571917806,12.511852599026863,0.32541895,0.11632619
gru_1_2023-01-03 00:00:00,gru_gruhyper,1,2023-01-03 00:00:00,23.48159913734316,9.352475790172447,Model Name:lstm Hidden Dim:16 Num Layers:2 Dropout:0.4 Criterion:MSELoss() Prune:0.2,17,30.040545499021526,11.77283143160636,0.33395886,0.110087074
rnn_1_2023-01-03 00:00:00,rnn_rnnhyper,1,2023-01-03 00:00:00,24.7703810496276,9.218344055548418,Model Name:lstm Hidden Dim:16 Num Layers:2 Dropout:0.4 Criterion:MSELoss() Prune:0.2,17,31.329913772015654,10.192644085800438,0.3751037,0.09743186
lstm_1_2023-01-03 00:00:00,lstm_lstmhyper,1,2023-01-03 00:00:00,29.30992417720383,14.174914184525841,Model Name:lstm Hidden Dim:16 Num Layers:2 Dropout:0.4 Criterion:MSELoss() Prune:0.4,18,34.11818126223092,15.279353626987389,0.48285934,0.16854793
gru_1_2023-01-03 00:00:00,gru_gruhyper,1,2023-01-03 00:00:00,24.680379956255866,13.565640837355417,Model Name:lstm Hidden Dim:16 Num Layers:2 Dropout:0.4 Criterion:MSELoss() Prune:0.4,18,30.474167278212654,18.567179361979164,0.31482565,0.16888902
rnn_1_2023-01-03 00:00:00,rnn_rnnhyper,1,2023-01-03 00:00:00,24.82631930776477,15.208838774063874,Model Name:lstm Hidden Dim:16 Num Layers:2 Dropout:0.4 Criterion:MSELoss() Prune:0.4,18,31.048895649869536,20.087550113075658,0.3282702,0.17872165
lstm_1_2023-01-03 00:00:00,lstm_lstmhyper,1,2023-01-03 00:00:00,23.694054172407895,7.767448472170399,Model Name:lstm Hidden Dim:16 Num Layers:2 Dropout:0.4 Criterion:MSELoss() Prune:0.4,19,30.51719208659491,9.04669189453125,0.35495993,0.08537411
gru_1_2023-01-03 00:00:00,gru_gruhyper,1,2023-01-03 00:00:00,23.930878602416456,8.918179202510226,Model Name:lstm Hidden Dim:16 Num Layers:2 Dropout:0.4 Criterion:MSELoss() Prune:0.4,19,30.37843739807567,11.180054781729714,0.33026907,0.104875825
rnn_1_2023-01-03 00:00:00,rnn_rnnhyper,1,2023-01-03 00:00:00,23.98874527569843,7.172912389654442,Model Name:lstm Hidden Dim:16 Num Layers:2 Dropout:0.4 Criterion:MSELoss() Prune:0.4,19,30.575286407371166,7.3841911449766995,0.36323282,0.072083324
lstm_1_2023-01-03 00:00:00,lstm_lstmhyper,1,2023-01-03 00:00:00,27.04554467590561,16.029754628417294,Model Name:lstm Hidden Dim:16 Num Layers:2 Dropout:0.4 Criterion:MSELoss() Prune:0.4,20,32.44563356164383,21.18140076754386,0.31225276,0.1871375
gru_1_2023-01-03 00:00:00,gru_gruhyper,1,2023-01-03 00:00:00,23.373670897206914,10.752965828499908,Model Name:lstm Hidden Dim:16 Num Layers:2 Dropout:0.4 Criterion:MSELoss() Prune:0.4,20,30.06969585779517,13.971870288514253,0.33922625,0.12946698
rnn_1_2023-01-03 00:00:00,rnn_rnnhyper,1,2023-01-03 00:00:00,27.784782536939172,15.102238955200018,Model Name:lstm Hidden Dim:16 Num Layers:2 Dropout:0.4 Criterion:MSELoss() Prune:0.4,20,34.06750448467058,18.032991108141445,0.3434679,0.16092692
lstm_1_2023-01-03 00:00:00,lstm_lstmhyper,1,2023-01-03 00:00:00,23.55731872741463,9.468266540875499,Model Name:lstm Hidden Dim:16 Num Layers:2 Dropout:0.4 Criterion:MSELoss() Prune:0.4,21,30.19362055609915,11.941071092036731,0.33983323,0.11156925
gru_1_2023-01-03 00:00:00,gru_gruhyper,1,2023-01-03 00:00:00,23.723673474094788,7.988552247466249,Model Name:lstm Hidden Dim:16 Num Layers:2 Dropout:0.4 Criterion:MSELoss() Prune:0.4,21,30.323619944553162,9.852165356016995,0.3359005,0.09304256
rnn_1_2023-01-03 00:00:00,rnn_rnnhyper,1,2023-01-03 00:00:00,23.770415516111488,10.738095811649114,Model Name:lstm Hidden Dim:16 Num Layers:2 Dropout:0.4 Criterion:MSELoss() Prune:0.4,21,30.003720238095237,13.3494873046875,0.33038107,0.12324495
lstm_1_2023-01-03 00:00:00,lstm_lstmhyper,1,2023-01-03 00:00:00,25.892792559763976,12.27391178567212,Model Name:lstm Hidden Dim:16 Num Layers:2 Dropout:0.4 Criterion:MSELoss() Prune:0.4,22,31.40502181180691,15.610125625342652,0.3127441,0.14234567
gru_1_2023-01-03 00:00:00,gru_gruhyper,1,2023-01-03 00:00:00,23.644994277743677,9.002177504865228,Model Name:lstm Hidden Dim:16 Num Layers:2 Dropout:0.4 Criterion:MSELoss() Prune:0.4,22,30.331340712654924,11.29387571100603,0.33883414,0.1058802
rnn_1_2023-01-03 00:00:00,rnn_rnnhyper,1,2023-01-03 00:00:00,26.87763886027054,17.964086521195995,Model Name:lstm Hidden Dim:16 Num Layers:2 Dropout:0.4 Criterion:MSELoss() Prune:0.4,22,33.085343790769734,22.06908323053728,0.34293106,0.18879955
lstm_1_2023-01-03 00:00:00,lstm_lstmhyper,1,2023-01-03 00:00:00,26.406439533343473,8.082589131603344,Model Name:lstm Hidden Dim:16 Num Layers:2 Dropout:0.4 Criterion:MSELoss() Prune:0.4,23,32.44740959311807,9.048301295230262,0.44001952,0.09632263
gru_1_2023-01-03 00:00:00,gru_gruhyper,1,2023-01-03 00:00:00,24.59854052176229,12.377938586350352,Model Name:lstm Hidden Dim:16 Num Layers:2 Dropout:0.4 Criterion:MSELoss() Prune:0.4,23,30.54997349967384,16.686859666255483,0.3182723,0.15304385
rnn_1_2023-01-03 00:00:00,rnn_rnnhyper,1,2023-01-03 00:00:00,25.085857209463537,13.561681485417436,Model Name:lstm Hidden Dim:16 Num Layers:2 Dropout:0.4 Criterion:MSELoss() Prune:0.4,23,30.898238747553815,17.607555724026863,0.31748435,0.15910546
lstm_1_2023-01-03 00:00:00,lstm_lstmhyper,1,2023-01-03 00:00:00,23.721908499762275,4.760204997737324,Model Name:lstm Hidden Dim:16 Num Layers:4 Dropout:0.2 Criterion:MSELoss() Prune:0.2,24,30.730410143509456,5.178395053796601,0.36959183,0.051646315
gru_1_2023-01-03 00:00:00,gru_gruhyper,1,2023-01-03 00:00:00,24.18022894183774,3.747090546148459,Model Name:lstm Hidden Dim:16 Num Layers:4 Dropout:0.2 Criterion:MSELoss() Prune:0.2,24,31.433234466731896,4.182243748715049,0.3899331,0.041999612
rnn_1_2023-01-03 00:00:00,rnn_rnnhyper,1,2023-01-03 00:00:00,29.003373574653992,23.766211829129002,Model Name:lstm Hidden Dim:16 Num Layers:4 Dropout:0.2 Criterion:MSELoss() Prune:0.2,24,35.87519110812133,29.94604920504386,0.39757636,0.24659012
lstm_1_2023-01-03 00:00:00,lstm_lstmhyper,1,2023-01-03 00:00:00,24.17862856122246,12.01334338606549,Model Name:lstm Hidden Dim:16 Num Layers:4 Dropout:0.2 Criterion:MSELoss() Prune:0.2,25,30.268743884540115,15.953841359991776,0.3213936,0.1465522
gru_1_2023-01-03 00:00:00,gru_gruhyper,1,2023-01-03 00:00:00,23.561869240977174,8.904495441208335,Model Name:lstm Hidden Dim:16 Num Layers:4 Dropout:0.2 Criterion:MSELoss() Prune:0.2,25,30.059001447325503,11.112505996436402,0.33329952,0.1042403
rnn_1_2023-01-03 00:00:00,rnn_rnnhyper,1,2023-01-03 00:00:00,23.754336312604984,10.772822085169278,Model Name:lstm Hidden Dim:16 Num Layers:4 Dropout:0.2 Criterion:MSELoss() Prune:0.2,25,30.302516511741683,13.33550382915296,0.33853403,0.12308643
lstm_1_2023-01-03 00:00:00,lstm_lstmhyper,1,2023-01-03 00:00:00,23.544670340967695,5.238016165925052,Model Name:lstm Hidden Dim:16 Num Layers:4 Dropout:0.2 Criterion:MSELoss() Prune:0.2,26,30.481095584637963,5.908388907449287,0.35812658,0.05757237
gru_1_2023-01-03 00:00:00,gru_gruhyper,1,2023-01-03 00:00:00,24.483961188270783,3.7998420833099447,Model Name:lstm Hidden Dim:16 Num Layers:4 Dropout:0.2 Criterion:MSELoss() Prune:0.2,26,31.882781922700584,3.893057304516173,0.39640886,0.039847024
rnn_1_2023-01-03 00:00:00,rnn_rnnhyper,1,2023-01-03 00:00:00,24.038327448544283,10.428926338681116,Model Name:lstm Hidden Dim:16 Num Layers:4 Dropout:0.2 Criterion:MSELoss() Prune:0.2,26,30.669347276581863,11.063268828810306,0.35538772,0.10107856
lstm_1_2023-01-03 00:00:00,lstm_lstmhyper,1,2023-01-03 00:00:00,23.673416822725443,9.393588748849906,Model Name:lstm Hidden Dim:16 Num Layers:4 Dropout:0.2 Criterion:MSELoss() Prune:0.2,27,30.29097103310502,11.615755850808661,0.33881596,0.10843665
gru_1_2023-01-03 00:00:00,gru_gruhyper,1,2023-01-03 00:00:00,23.68982920606436,8.961923799387895,Model Name:lstm Hidden Dim:16 Num Layers:4 Dropout:0.2 Criterion:MSELoss() Prune:0.2,27,30.16543338225701,11.222521330180921,0.33129537,0.105238326
rnn_1_2023-01-03 00:00:00,rnn_rnnhyper,1,2023-01-03 00:00:00,23.994830528466828,10.325049330475753,Model Name:lstm Hidden Dim:16 Num Layers:4 Dropout:0.2 Criterion:MSELoss() Prune:0.2,27,30.498542482061318,13.304776375753837,0.33689922,0.12346234
lstm_1_2023-01-03 00:00:00,lstm_lstmhyper,1,2023-01-03 00:00:00,25.196528555924747,7.19075721244502,Model Name:lstm Hidden Dim:16 Num Layers:4 Dropout:0.2 Criterion:MSELoss() Prune:0.2,28,31.76630789302022,7.424480237458881,0.41278198,0.078475736
gru_1_2023-01-03 00:00:00,gru_gruhyper,1,2023-01-03 00:00:00,23.631262862417156,8.135547540827384,Model Name:lstm Hidden Dim:16 Num Layers:4 Dropout:0.2 Criterion:MSELoss() Prune:0.2,28,30.441311969993475,10.054680004454495,0.34467906,0.094854586
rnn_1_2023-01-03 00:00:00,rnn_rnnhyper,1,2023-01-03 00:00:00,25.881750138550814,11.11839595614832,Model Name:lstm Hidden Dim:16 Num Layers:4 Dropout:0.2 Criterion:MSELoss() Prune:0.2,28,31.924224355838223,12.878311960320723,0.366086,0.12198443
lstm_1_2023-01-03 00:00:00,lstm_lstmhyper,1,2023-01-03 00:00:00,24.05788561681102,10.624228774859231,Model Name:lstm Hidden Dim:16 Num Layers:4 Dropout:0.2 Criterion:MSELoss() Prune:0.2,29,30.331865622961512,13.507318864788925,0.32683638,0.12502362
gru_1_2023-01-03 00:00:00,gru_gruhyper,1,2023-01-03 00:00:00,24.99522903694573,11.78972776038796,Model Name:lstm Hidden Dim:16 Num Layers:4 Dropout:0.2 Criterion:MSELoss() Prune:0.2,29,30.61506747390737,15.693249083401863,0.31269327,0.14447291
rnn_1_2023-01-03 00:00:00,rnn_rnnhyper,1,2023-01-03 00:00:00,24.42185500638977,8.982400853082055,Model Name:lstm Hidden Dim:16 Num Layers:4 Dropout:0.2 Criterion:MSELoss() Prune:0.2,29,30.91929886252446,10.569247061746161,0.34110665,0.099071495
lstm_1_2023-01-03 00:00:00,lstm_lstmhyper,1,2023-01-03 00:00:00,61.64529053953047,59.518804063164566,Model Name:lstm Hidden Dim:16 Num Layers:4 Dropout:0.2 Criterion:MSELoss() Prune:0.4,30,129.36786529680364,128.04708059210526,0.7775601,0.7794772
gru_1_2023-01-03 00:00:00,gru_gruhyper,1,2023-01-03 00:00:00,23.377064006885707,7.9355262044402215,Model Name:lstm Hidden Dim:16 Num Layers:4 Dropout:0.2 Criterion:MSELoss() Prune:0.4,30,30.329827136333982,9.77826356051261,0.35247535,0.09238334
rnn_1_2023-01-03 00:00:00,rnn_rnnhyper,1,2023-01-03 00:00:00,24.947706538346115,10.741413324375808,Model Name:lstm Hidden Dim:16 Num Layers:4 Dropout:0.2 Criterion:MSELoss() Prune:0.4,30,31.389824893998693,11.941638611910635,0.3678091,0.11290851
lstm_1_2023-01-03 00:00:00,lstm_lstmhyper,1,2023-01-03 00:00:00,23.73349164131315,7.976754988571799,Model Name:lstm Hidden Dim:16 Num Layers:4 Dropout:0.2 Criterion:MSELoss() Prune:0.4,31,30.52347826973255,9.406509131716009,0.3493074,0.08861677
gru_1_2023-01-03 00:00:00,gru_gruhyper,1,2023-01-03 00:00:00,24.872695892817138,12.392372344873454,Model Name:lstm Hidden Dim:16 Num Layers:4 Dropout:0.2 Criterion:MSELoss() Prune:0.4,31,30.653370637638616,16.709429824561404,0.31509912,0.1532355
rnn_1_2023-01-03 00:00:00,rnn_rnnhyper,1,2023-01-03 00:00:00,24.209724880894324,10.171670609865691,Model Name:lstm Hidden Dim:16 Num Layers:4 Dropout:0.2 Criterion:MSELoss() Prune:0.4,31,30.485483427103716,12.60617547286184,0.32914114,0.11683368
lstm_1_2023-01-03 00:00:00,lstm_lstmhyper,1,2023-01-03 00:00:00,23.750592354866253,9.798566705639313,Model Name:lstm Hidden Dim:16 Num Layers:4 Dropout:0.2 Criterion:MSELoss() Prune:0.4,32,30.559246065720806,11.942168654057017,0.34933066,0.11113263
gru_1_2023-01-03 00:00:00,gru_gruhyper,1,2023-01-03 00:00:00,25.175396682962738,4.803864099922826,Model Name:lstm Hidden Dim:16 Num Layers:4 Dropout:0.2 Criterion:MSELoss() Prune:0.4,32,32.583432709556426,4.627400716145833,0.40874976,0.048421357
rnn_1_2023-01-03 00:00:00,rnn_rnnhyper,1,2023-01-03 00:00:00,26.396234000962973,12.242117700822078,Model Name:lstm Hidden Dim:16 Num Layers:4 Dropout:0.2 Criterion:MSELoss() Prune:0.4,32,32.40096522341813,13.193384003220942,0.3814531,0.1291856
lstm_1_2023-01-03 00:00:00,lstm_lstmhyper,1,2023-01-03 00:00:00,23.622124390964238,9.204006185265111,Model Name:lstm Hidden Dim:16 Num Layers:4 Dropout:0.2 Criterion:MSELoss() Prune:0.4,33,30.326644549086755,11.451828270627741,0.3419764,0.10708156
gru_1_2023-01-03 00:00:00,gru_gruhyper,1,2023-01-03 00:00:00,23.298403653318584,9.504342943625248,Model Name:lstm Hidden Dim:16 Num Layers:4 Dropout:0.2 Criterion:MSELoss() Prune:0.4,33,29.86780159409654,11.96074796977796,0.33572575,0.11170747
rnn_1_2023-01-03 00:00:00,rnn_rnnhyper,1,2023-01-03 00:00:00,24.25364925022882,12.789682903400351,Model Name:lstm Hidden Dim:16 Num Layers:4 Dropout:0.2 Criterion:MSELoss() Prune:0.4,33,30.37166707436399,16.418308191132127,0.3257381,0.14909722
